"CODA","(2021)","A","Comedy","Drama","Music","8","72","111min","141061","NA"
"ThePrincess Bride","(1987)","U","Adventure","Comedy","Family","8","77","98min","432788","$30.86M"
"TheSound of Music","(1965)","U","Biography","Drama","Family","8.1","63","172min","241207","$163.21M"
"BrokebackMountain","(2005)","A","Drama","Romance","NA","7.7","87","134min","364273","$83.04M"
"3:10to Yuma","(2007)","A","Action","Crime","Drama","7.7","76","122min","317771","$53.61M"
"MyCousin Vinny","(1992)","UA","Comedy","Crime","NA","7.6","68","120min","129379","$52.93M"
"Inthe Name of the Father","(1993)","UA","Biography","Crime","Drama","8.1","84","133min","178198","$25.01M"
"FromHere to Eternity","(1953)","NA","Drama","Romance","War","7.6","85","118min","48241","$30.50M"
"Psycho","(1960)","A","Horror","Mystery","Thriller","8.5","97","109min","680049","$32.00M"
"Latsau san taam","(1992)","A","Action","Crime","Thriller","7.7","NA","128min","51687","NA"
"Stardust","(2007)","U","Adventure","Family","Fantasy","7.6","66","127min","276062","$38.63M"
"Salinuichueok","(2003)","UA","Crime","Drama","Mystery","8.1","82","131min","191366","$0.01M"
"TheBourne Ultimatum","(2007)","UA","Action","Mystery","Thriller","8","85","115min","640439","$227.47M"
"Laura","(1944)","NA","Drama","Film-Noir","Mystery","7.9","NA","88min","48600","$4.36M"
"Jungfrukällan","(1960)","A","Drama","NA","NA","8.1","NA","89min","30114","$1.53M"
"Yume","(1990)","NA","Drama","Fantasy","NA","7.7","NA","119min","27285","$1.96M"
"Schindler'sList","(1993)","A","Biography","Drama","History","9","95","195min","1371048","$96.90M"
"Ilconformista","(1970)","UA","Drama","NA","NA","7.9","100","113min","31595","$0.54M"
"Arsenicand Old Lace","(1944)","NA","Comedy","Crime","Thriller","7.9","NA","118min","72248","NA"
"BlueVelvet","(1986)","A","Crime","Drama","Mystery","7.7","76","120min","203897","$8.55M"
"TheBlind Side","(2009)","UA","Biography","Drama","Sport","7.6","53","129min","339872","$255.96M"
"IpMan","(2008)","R","Action","Biography","Drama","8","59","106min","226616","NA"
"Fitzcarraldo","(1982)","NA","Adventure","Drama","NA","8","NA","158min","36109","NA"
"MoonriseKingdom","(2012)","A","Comedy","Drama","Family","7.8","84","94min","354591","$45.51M"
"TheBroken Circle Breakdown","(2012)","NA","Drama","Music","Romance","7.7","70","111min","41837","$0.18M"
"ToyStory 4","(2019)","U","Animation","Adventure","Comedy","7.7","84","100min","257600","$434.04M"
"BeingThere","(1979)","NA","Comedy","Drama","NA","8","83","130min","74191","$30.18M"
"TheKing of Comedy","(1982)","U","Comedy","Crime","Drama","7.8","73","109min","107616","$2.50M"
"VickyDonor","(2012)","UA","Comedy","Romance","NA","7.8","NA","126min","44112","$0.17M"
"Drishyam","(2015)","UA","Crime","Drama","Mystery","8.2","NA","163min","87472","$0.74M"
"Fantasia","(1940)","U","Animation","Family","Fantasy","7.7","96","124min","98837","$76.41M"
"CastAway","(2000)","UA","Adventure","Drama","Romance","7.8","73","143min","602771","$233.63M"
"Pink","(III)(2016)","UA","Crime","Drama","Thriller","8.1","NA","136min","46128","$1.24M"
"InCold Blood","(1967)","NA","Biography","Crime","Drama","7.9","89","134min","27415","NA"
"Roadto Perdition","(2002)","A","Crime","Drama","Thriller","7.7","72","117min","273558","$104.45M"
"BigFish","(2003)","U","Adventure","Drama","Fantasy","8","58","125min","445742","$66.26M"
"Knockin'on Heaven's Door","(1997)","NA","Action","Crime","Comedy","7.8","NA","87min","31665","$0.00M"
"Logan","(2017)","A","Action","Drama","Sci-Fi","8.1","77","137min","776771","$226.28M"
"TheDirty Dozen","(1967)","U","Action","Adventure","War","7.7","73","150min","75415","$45.30M"
"Lesdiaboliques","(1955)","NA","Crime","Drama","Horror","8.1","NA","117min","66937","$1.09M"
"Fiddleron the Roof","(1971)","U","Drama","Family","Musical","8","67","181min","44917","$80.50M"
"TheGodfather","(1972)","A","Crime","Drama","NA","9.2","100","175min","1885483","$134.97M"
"KillBill: Vol. 2","(2004)","A","Action","Crime","Thriller","8","83","137min","766864","$66.21M"
"Midnightin Paris","(2011)","PG-13","Comedy","Fantasy","Romance","7.7","81","94min","431116","$56.82M"
"TheArtist","(2011)","U","Comedy","Drama","Romance","7.9","89","100min","243629","$44.67M"
"Ghostbusters","(1984)","UA","Action","Comedy","Fantasy","7.8","71","105min","422263","$238.63M"
"TheMuppet Christmas Carol","(1992)","NotRated","Comedy","Drama","Family","7.7","64","85min","63747","$27.28M"
"Hachi:A Dog's Tale","(2009)","U","Biography","Drama","Family","8.1","NA","93min","291308","#232"
"OnceUpon a Time in... Hollywood","(2019)","A","Comedy","Drama","NA","7.6","83","161min","762609","$142.50M"
"Ytu mamá también","(2001)","A","Drama","NA","NA","7.7","89","106min","124942","$13.62M"
"TheGentlemen","(2019)","A","Action","Comedy","Crime","7.8","51","113min","352349","$36.47M"
"TheNotebook","(2004)","A","Drama","Romance","NA","7.8","53","123min","582635","$81.00M"
"Paprika","(2006)","U","Animation","Drama","Fantasy","7.7","81","90min","86220","$0.88M"
"LaStrada","(1954)","NA","Drama","NA","NA","8","NA","108min","64326","NA"
"Airplane!","(1980)","U","Comedy","NA","NA","7.7","78","88min","245659","$83.40M"
"TheEmpire Strikes Back","(1980)","UA","Action","Adventure","Fantasy","8.7","82","124min","1307079","$290.48M"
"Pussin Boots: The Last Wish","(2022)","U","Animation","Adventure","Comedy","7.9","73","102min","98754","$168.46M"
"RogueOne","(2016)","UA","Action","Adventure","Sci-Fi","7.8","65","133min","649993","$532.18M"
"Lamigliore offerta","(2013)","R","Crime","Drama","Mystery","7.8","49","131min","122043","$0.09M"
"Standby Me","(1986)","U","Adventure","Drama","NA","8.1","75","89min","411805","$52.29M"
"MontyPython and the Holy Grail","(1975)","U","Adventure","Comedy","Fantasy","8.2","91","91min","547629","$1.23M"
"Nightof the Living Dead","(1968)","A","Horror","Thriller","NA","7.8","89","96min","132165","$0.09M"
"Kimino na wa.","(2016)","U","Animation","Drama","Fantasy","8.4","79","106min","277608","$5.02M"
"TheCircus","(1928)","NA","Comedy","Family","Romance","8.1","90","72min","34552","NA"
"BladeRunner","(1982)","UA","Action","Drama","Sci-Fi","8.1","84","117min","780182","$32.87M"
"Miraclein Cell No. 7","(2019)","NA","Drama","NA","NA","8.2","NA","132min","50772","NA"
"DirtyHarry","(1971)","A","Action","Crime","Thriller","7.7","87","102min","160038","$35.90M"
"Hannahand Her Sisters","(1986)","NA","Comedy","Drama","NA","7.8","90","107min","72856","$40.08M"
"KôkakuKidôtai","(1995)","UA","Animation","Action","Crime","7.9","76","83min","146548","$0.52M"
"Kimetsuno Yaiba: Mugen Ressha-Hen","(2020)","UA","Animation","Action","Adventure","8.2","72","117min","61751","$47.70M"
"OfficeSpace","(1999)","R","Comedy","NA","NA","7.6","68","89min","272638","$10.82M"
"GoodWill Hunting","(1997)","U","Drama","Romance","NA","8.3","70","126min","988959","$138.43M"
"Dawnof the Dead","(1978)","A","Horror","Thriller","NA","7.8","71","127min","123333","$5.10M"
"ThePhiladelphia Story","(1940)","NA","Comedy","Romance","NA","7.9","96","112min","70827","NA"
"TheWorld's Fastest Indian","(2005)","U","Biography","Drama","Sport","7.8","68","127min","56075","$5.13M"
"Paddington2","(2017)","U","Adventure","Comedy","Family","7.8","88","103min","82977","$40.44M"
"Manhattan","(1979)","NA","Comedy","Drama","Romance","7.8","83","96min","142165","$45.70M"
"PaperMoon","(1973)","U","Comedy","Crime","Drama","8.1","77","102min","49169","$30.93M"
"Baby","(2015)","UA","Action","Crime","Thriller","7.9","NA","159min","58577","NA"
"AllAbout Eve","(1950)","NA","Drama","NA","NA","8.2","98","138min","132858","$0.01M"
"BladeRunner 2049","(2017)","UA","Action","Drama","Mystery","8","81","164min","590773","$92.05M"
"Platoon","(1986)","UA","Drama","War","NA","8.1","92","120min","419749","$138.53M"
"TheDeparted","(2006)","A","Crime","Drama","Thriller","8.5","85","151min","1341400","$132.38M"
"Bin-jip","(2004)","U","Crime","Drama","Romance","7.9","72","88min","56195","$0.24M"
"Ondskan","(2003)","NA","Drama","NA","NA","7.7","61","113min","39745","$0.02M"
"Jûbêninpûchô","(1993)","A","Animation","Action","Adventure","7.8","NA","94min","38390","NA"
"Nosferatu","(1922)","NA","Fantasy","Horror","NA","7.9","NA","94min","99789","NA"
"Rope","(1948)","A","Crime","Drama","Mystery","7.9","73","80min","146537","NA"
"Super30","(2019)","U","Biography","Drama","NA","7.9","NA","154min","33377","$2.27M"
"Contratiempo","(2016)","16","Crime","Drama","Mystery","8","NA","106min","180542","NA"
"Lettersfrom Iwo Jima","(2006)","UA","Action","Adventure","Drama","7.9","89","141min","165117","$13.76M"
"HacksawRidge","(2016)","A","Biography","Drama","History","8.1","71","139min","539792","$67.21M"
"Planetof the Apes","(1968)","U","Adventure","Sci-Fi","NA","8","79","112min","183525","$33.40M"
"StarTrek Into Darkness","(2013)","UA","Action","Adventure","Sci-Fi","7.7","72","132min","487295","$228.78M"
"Flipped","(2010)","PG","Comedy","Drama","Romance","7.7","45","90min","92383","$1.75M"
"United93","(2006)","UA","Action","Drama","History","7.6","90","111min","107920","$31.57M"
"Labelle et la bête","(1946)","NA","Drama","Fantasy","Romance","7.9","92","96min","27011","$0.30M"
"Dunkirk","(2017)","UA","Action","Drama","History","7.8","94","106min","673385","$188.37M"
"SunsetBlvd.","(1950)","NA","Drama","Film-Noir","NA","8.4","NA","110min","224854","#59"
"Gladiator","(2000)","UA","Action","Adventure","Drama","8.5","67","155min","1518724","$187.71M"
"FerrisBueller's Day Off","(1986)","U","Comedy","NA","NA","7.8","61","103min","365585","$70.14M"
"Koeno katachi","(2016)","16","Animation","Drama","NA","8.1","78","130min","86431","NA"
"Edgeof Tomorrow","(2014)","UA","Action","Adventure","Sci-Fi","7.9","71","113min","691836","$100.21M"
"Dr.Strangelove or: How I Learned to Stop Worrying and Love the Bomb","(1964)","A","Comedy","War","NA","8.4","97","95min","496273","$0.28M"
"TheBlues Brothers","(1980)","U","Action","Adventure","Comedy","7.9","60","133min","204148","$57.23M"
"Ilgattopardo","(1963)","NA","Drama","History","NA","8","100","186min","26977","NA"
"Zelig","(1983)","NA","Comedy","NA","NA","7.7","NA","79min","42803","$11.80M"
"EvilDead II","(1987)","A","Comedy","Horror","NA","7.7","72","84min","168828","$5.92M"
"ModernTimes","(1936)","NA","Comedy","Drama","Romance","8.5","96","87min","245895","$0.16M"
"Efterbrylluppet","(2006)","R","Drama","NA","NA","7.7","78","120min","35469","$0.41M"
"TheLast Picture Show","(1971)","U","Drama","Romance","NA","8","93","118min","49528","$29.13M"
"Network","(1976)","UA","Drama","NA","NA","8.1","83","121min","161929","#219"
"Notorious","(1946)","U","Drama","Film-Noir","Romance","7.9","100","102min","102927","$10.46M"
"ReservoirDogs","(1992)","15+","Crime","Thriller","NA","8.3","81","99min","1032072","$2.83M"
"DarbareyeElly","(2009)","NA","Drama","Mystery","NA","7.9","87","119min","54536","$0.11M"
"Hamilton","(2020)","12+","Biography","Drama","History","8.4","89","160min","98734","#107"
"Soundof Metal","(2019)","18","Drama","Music","NA","7.7","82","120min","133817","NA"
"TheNight of the Hunter","(1955)","A","Crime","Drama","Film-Noir","8","97","92min","91493","$0.65M"
"E.T.the Extra-Terrestrial","(1982)","U","Adventure","Family","Sci-Fi","7.9","91","115min","416968","$435.11M"
"TheRevenant","(2015)","A","Action","Adventure","Drama","8","76","156min","818657","$183.64M"
"MalcolmX","(1992)","U","Biography","Drama","History","7.7","73","202min","97103","$48.17M"
"TheThing","(1982)","A","Horror","Mystery","Sci-Fi","8.2","57","109min","432965","$13.78M"
"SouthPark: Bigger, Longer & Uncut","(1999)","A","Animation","Comedy","Fantasy","7.7","73","81min","208064","$52.04M"
"Zwartboek","(2006)","A","Drama","Thriller","War","7.7","71","145min","78020","$4.40M"
"KisUykusu","(2014)","NA","Drama","NA","NA","8.1","88","196min","52685","$0.17M"
"Mandariinid","(2013)","NA","Drama","War","NA","8.1","73","87min","47166","$0.14M"
"Kazeno tani no Naushika","(1984)","U","Animation","Adventure","Sci-Fi","8","86","117min","172294","$0.50M"
"Backto the Future","(1985)","U","Adventure","Comedy","Sci-Fi","8.5","87","116min","1222907","$210.61M"
"Abrelos ojos","(1997)","U","Drama","Mystery","Sci-Fi","7.7","NA","119min","70647","$0.37M"
"Crimesand Misdemeanors","(1989)","NA","Comedy","Drama","NA","7.8","77","104min","58969","$18.25M"
"Stagecoach","(1939)","NA","Adventure","Drama","Western","7.8","93","96min","50670","NA"
"Larègle du jeu","(1939)","NA","Comedy","Drama","NA","7.9","98","110min","29876","NA"
"TheLion in Winter","(1968)","U","Biography","Drama","History","7.9","NA","134min","32294","$22.28M"
"Ratatouille","(2007)","U","Animation","Adventure","Comedy","8.1","96","111min","753559","$206.45M"
"Enman som heter Ove","(2015)","PG-13","Comedy","Drama","Romance","7.7","70","116min","60936","$3.36M"
"Arrival","(II)(2016)","UA","Drama","Mystery","Sci-Fi","7.9","81","116min","709209","$100.55M"
"Rememberthe Titans","(2000)","U","Biography","Drama","Sport","7.8","48","113min","219997","$115.65M"
"Argo","(2012)","A","Biography","Drama","Thriller","7.7","86","120min","620615","$136.03M"
"WhoFramed Roger Rabbit","(1988)","U","Animation","Adventure","Comedy","7.7","83","104min","205780","$156.45M"
"AChristmas Story","(1983)","U","Comedy","Family","NA","7.9","77","93min","160362","$20.61M"
"Tropade Elite 2: O Inimigo Agora é Outro","(2010)","NA","Action","Crime","Drama","8","71","115min","84267","$0.10M"
"Coco","(2017)","U","Animation","Adventure","Comedy","8.4","81","105min","522493","$209.73M"
"TheHustler","(1961)","A","Drama","Sport","NA","8","90","134min","83612","$8.28M"
"TheLunchbox","(2013)","U","Drama","Romance","NA","7.8","76","104min","57586","$4.23M"
"AMan for All Seasons","(1966)","U","Biography","Drama","History","7.7","72","120min","35417","$28.35M"
"TheTaking of Pelham One Two Three","(1974)","U","Action","Crime","Thriller","7.6","68","104min","32387","$2.49M"
"TheTheory of Everything","(2014)","U","Biography","Drama","Romance","7.7","71","123min","459474","$35.89M"
"IronMan","(2008)","UA","Action","Adventure","Sci-Fi","7.9","79","126min","1072165","$318.41M"
"Inception","(2010)","UA","Action","Adventure","Sci-Fi","8.8","74","148min","2384608","$292.58M"
"Metropolis","(1927)","NA","Drama","Sci-Fi","NA","8.3","98","153min","176755","$1.24M"
"Romacittà aperta","(1945)","NA","Drama","Thriller","War","8","NA","103min","27350","NA"
"Crash","(2004)","UA","Crime","Drama","Thriller","7.7","66","112min","440241","$54.58M"
"Ladouble vie de Véronique","(1991)","R","Drama","Fantasy","Music","7.7","86","98min","50212","$2.00M"
"12Years a Slave","(2013)","A","Biography","Drama","History","8.1","96","134min","709759","$56.67M"
"WhiteHeat","(1949)","NA","Action","Crime","Drama","8.1","NA","114min","33911","NA"
"SilverLinings Playbook","(2012)","A","Comedy","Drama","Romance","7.7","81","122min","717213","$132.09M"
"Dasweiße Band - Eine deutsche Kindergeschichte","(2009)","UA","Drama","Mystery","Thriller","7.8","82","144min","74957","$2.22M"
"Ben-Hur","(1959)","U","Adventure","Drama","NA","8.1","90","212min","242629","$74.70M"
"TheLost Weekend","(1945)","NA","Drama","Film-Noir","NA","7.9","NA","101min","38135","$9.46M"
"ThePursuit of Happyness","(2006)","U","Biography","Drama","NA","8","64","117min","523785","$163.57M"
"Leschoristes","(2004)","PG-13","Comedy","Drama","Music","7.8","56","97min","63949","$3.64M"
"Lagrande bellezza","(2013)","NA","Drama","NA","NA","7.7","86","141min","93075","$2.85M"
"Gangsof Wasseypur","(2012)","A","Action","Comedy","Crime","8.2","89","321min","98484","NA"
"Stalker","(1979)","U","Drama","Sci-Fi","NA","8.1","83","162min","136981","$0.23M"
"Mulan","(1998)","U","Animation","Adventure","Comedy","7.6","71","87min","295052","$120.62M"
"TheBirds","(1963)","A","Drama","Horror","Mystery","7.6","90","119min","193359","$11.40M"
"TaxiDriver","(1976)","A","Crime","Drama","NA","8.2","94","114min","849581","$28.26M"
"Lecharme discret de la bourgeoisie","(1972)","NA","Comedy","NA","NA","7.8","93","102min","44340","$0.20M"
"Rebecca","(1940)","NA","Drama","Film-Noir","Mystery","8.1","86","130min","139502","$4.36M"
"ThisIs England","(2006)","A","Crime","Drama","NA","7.7","86","101min","124266","$0.33M"
"TheSixth Sense","(1999)","A","Drama","Mystery","Thriller","8.2","64","107min","1002831","$293.51M"
"Avatar","(2009)","UA","Action","Adventure","Fantasy","7.9","83","162min","1329369","$760.51M"
"Ray","(2004)","A","Biography","Drama","Music","7.7","73","152min","150661","$75.33M"
"Udaan","(2010)","UA","Drama","NA","NA","8.1","NA","134min","45631","$0.01M"
"AnnieHall","(1977)","A","Comedy","Romance","NA","8","92","93min","268646","$39.20M"
"TheIntouchables","(2011)","UA","Biography","Comedy","Drama","8.5","57","112min","871423","$13.18M"
"AndreiRublev","(1966)","NA","Biography","Drama","History","8.1","NA","205min","54716","$0.10M"
"Diphuet seung hung","(1989)","R","Action","Crime","Drama","7.8","82","111min","49276","NA"
"Lifeof Pi","(2012)","U","Adventure","Drama","Fantasy","7.9","79","127min","639981","$124.99M"
"Lavie d'Adèle","(2013)","A","Drama","Romance","NA","7.7","90","180min","155658","$2.20M"
"Philomena","(2013)","PG-13","Biography","Comedy","Drama","7.6","77","98min","101390","$37.71M"
"Mr.Nobody","(2009)","R","Drama","Fantasy","Romance","7.8","63","141min","237255","$0.00M"
"GranTorino","(2008)","UA","Drama","NA","NA","8.1","72","116min","783710","$148.10M"
"StraightOutta Compton","(2015)","R","Biography","Drama","History","7.8","72","147min","206742","$161.20M"
"ABeautiful Mind","(2001)","UA","Biography","Drama","NA","8.2","72","135min","942374","$170.74M"
"StarWars","(1977)","U","Action","Adventure","Fantasy","8.6","90","121min","1379497","$322.74M"
"Elsecreto de sus ojos","(2009)","R","Drama","Mystery","Romance","8.2","80","129min","212440","$6.39M"
"OnceWere Warriors","(1994)","A","Crime","Drama","NA","7.9","77","102min","35162","$2.20M"
"DeadPoets Society","(1989)","U","Comedy","Drama","NA","8.1","79","128min","501904","$95.86M"
"Àbout de souffle","(1960)","U","Crime","Drama","NA","7.7","NA","90min","83856","$0.34M"
"RedRiver","(1948)","NA","Drama","Western","NA","7.8","96","133min","32264","NA"
"EverythingEverywhere All at Once","(2022)","A","Action","Adventure","Comedy","7.9","81","139min","368611","$72.86M"
"Snatch","(2000)","UA","Comedy","Crime","NA","8.2","55","104min","866265","$30.33M"
"WaitUntil Dark","(1967)","A","Thriller","NA","NA","7.7","81","108min","31699","$17.55M"
"Badhaaiho","(2018)","UA","Comedy","Drama","NA","7.9","NA","124min","35683","NA"
"TheLast Emperor","(1987)","U","Biography","Drama","History","7.7","76","163min","105746","$43.98M"
"TheThin Red Line","(1998)","A","Drama","History","War","7.6","78","170min","191133","$36.40M"
"ToHave and Have Not","(1944)","PG","Adventure","Comedy","Film-Noir","7.8","90","100min","35913","NA"
"Lagaan:Once Upon a Time in India","(2001)","U","Drama","Musical","Sport","8.1","84","224min","116214","$0.07M"
"BoogieNights","(1997)","18","Drama","NA","NA","7.9","85","155min","270415","$26.40M"
"L'avventura","(1960)","U","Drama","Mystery","Romance","7.8","NA","144min","30807","NA"
"TheSandlot","(1993)","U","Comedy","Drama","Family","7.8","55","101min","95058","$32.42M"
"Lepassé","(2013)","PG-13","Drama","Mystery","NA","7.7","85","130min","49617","$1.33M"
"Andhadhun","(2018)","UA","Crime","Mystery","Thriller","8.2","NA","139min","96046","$1.37M"
"TheCount of Monte Cristo","(2002)","UA","Action","Adventure","Drama","7.7","61","131min","141006","$54.23M"
"TheAsphalt Jungle","(1950)","NA","Crime","Drama","Film-Noir","7.8","85","112min","28174","NA"
"Mr.Smith Goes to Washington","(1939)","U","Comedy","Drama","NA","8.1","73","129min","116853","$9.60M"
"Queen","(2013)","UA","Adventure","Comedy","Drama","8.1","NA","146min","66686","$1.43M"
"TheNightmare Before Christmas","(1993)","U","Animation","Family","Fantasy","7.9","82","76min","348645","$75.08M"
"HomeAlone","(1990)","U","Comedy","Family","NA","7.7","63","103min","599551","$285.76M"
"TheHobbit: An Unexpected Journey","(2012)","UA","Fantasy","NA","NA","7.8","58","169min","838072","$303.00M"
"ButchCassidy and the Sundance Kid","(1969)","U","Biography","Crime","Drama","8","66","110min","219181","$102.31M"
"RebelWithout a Cause","(1955)","U","Drama","NA","NA","7.6","89","111min","92887","NA"
"Casablanca","(1942)","U","Drama","Romance","War","8.5","100","102min","578267","$1.02M"
"Miller'sCrossing","(1990)","NA","Crime","Drama","Thriller","7.7","66","115min","137367","$5.08M"
"FirstBlood","(1982)","A","Action","Adventure","Thriller","7.7","61","93min","259149","$47.21M"
"777Charlie","(2022)","UA","Adventure","Comedy","Drama","8.8","NA","136min","33781","NA"
"TheInnocents","(1961)","A","Horror","NA","NA","7.8","88","100min","31342","$2.62M"
"Hiroshimamon amour","(1959)","NA","Drama","Romance","NA","7.9","NA","90min","33516","$0.09M"
"Rocketry:The Nambi Effect","(2022)","UA","Biography","Drama","NA","8.8","NA","157min","52300","NA"
"Togo","(2019)","U","Adventure","Biography","Drama","7.9","69","113min","51051","NA"
"BhaagMilkha Bhaag","(2013)","U","Biography","Drama","Sport","8.2","NA","186min","69381","$1.63M"
"TheFighter","(2010)","UA","Action","Biography","Drama","7.8","79","116min","374135","$93.62M"
"Gisaengchung","(2019)","A","Drama","Thriller","NA","8.5","96","132min","831059","$53.37M"
"Alien","(1979)","R","Horror","Sci-Fi","NA","8.5","89","117min","893896","$78.90M"
"Shadowof a Doubt","(1943)","NA","Film-Noir","Thriller","NA","7.8","94","108min","67088","NA"
"Childrenof Men","(2006)","A","Action","Drama","Sci-Fi","7.9","84","109min","507255","$35.55M"
"HojeEu Quero Voltar Sozinho","(2014)","NA","Drama","Romance","NA","7.9","71","96min","26167","$0.10M"
"Ratsasan","(2018)","UA","Action","Crime","Drama","8.3","NA","170min","46182","NA"
"Vertigo","(1958)","A","Mystery","Romance","Thriller","8.3","100","128min","407340","$3.20M"
"BloodDiamond","(2006)","A","Adventure","Drama","Thriller","8","64","143min","558710","$57.37M"
"HarryPotter and the Deathly Hallows: Part 1","(2010)","UA","Adventure","Family","Fantasy","7.7","65","146min","561068","$295.98M"
"Nuevereinas","(2000)","R","Crime","Drama","Thriller","7.9","80","114min","54265","$1.22M"
"TheMagnificent Seven","(1960)","NA","Action","Adventure","Drama","7.7","74","128min","97247","$4.91M"
"TheLady Vanishes","(1938)","NA","Mystery","Thriller","NA","7.8","98","96min","54188","NA"
"TheKid","(1921)","NA","Comedy","Drama","Family","8.3","NA","68min","128185","$5.45M"
"Drishyam2","(2021)","13","Crime","Drama","Thriller","8.4","NA","152min","38605","NA"
"NoCountry for Old Men","(2007)","18","Crime","Drama","Thriller","8.2","92","122min","989219","$74.28M"
"TheShining","(1980)","A","Drama","Horror","NA","8.4","66","146min","1036746","$44.02M"
"RagingBull","(1980)","A","Biography","Drama","Sport","8.2","89","129min","359239","$23.38M"
"Festen","(1998)","R","Drama","NA","NA","8.1","82","105min","89001","$1.65M"
"TheAdventures of Robin Hood","(1938)","PG","Action","Adventure","Romance","7.9","97","102min","52324","$3.98M"
"Veer-Zaara","(2004)","U","Drama","Family","Musical","7.8","67","192min","54485","$2.92M"
"OMG:Oh My God!","(2012)","U","Comedy","Drama","Fantasy","8.1","NA","125min","60209","$0.92M"
"Adamsæbler","(2005)","R","Comedy","Crime","Drama","7.7","51","94min","51987","$0.00M"
"InAmerica","(2002)","PG-13","Drama","NA","NA","7.7","76","105min","43572","$15.54M"
"Lenotti di Cabiria","(1957)","NA","Drama","NA","NA","8.1","NA","110min","49996","$0.75M"
"Gakeno ue no Ponyo","(2008)","U","Animation","Adventure","Comedy","7.6","86","101min","148311","$15.09M"
"TheGirl with the Dragon Tattoo","(2011)","(Banned)","Crime","Drama","Mystery","7.8","71","158min","470471","$102.52M"
"TheTen Commandments","(1956)","U","Adventure","Drama","Family","7.9","NA","220min","72464","$93.74M"
"Taegukgihwinalrimyeo","(2004)","R","Action","Drama","War","8","64","140min","40196","$1.11M"
"DialM for Murder","(1954)","A","Crime","Thriller","NA","8.2","75","105min","178710","$0.01M"
"Superbad","(2007)","A","Comedy","NA","NA","7.6","76","113min","592771","$121.46M"
"Eastof Eden","(1955)","U","Drama","NA","NA","7.8","72","118min","46583","NA"
"SingStreet","(2016)","PG-13","Comedy","Drama","Music","7.9","79","106min","96455","$3.24M"
"DieHard","(1988)","A","Action","Thriller","NA","8.2","72","132min","894461","$83.01M"
"Tengokuto jigoku","(1963)","NA","Crime","Drama","Mystery","8.4","90","143min","46804","#86"
"Sanjuro","(1962)","U","Action","Drama","Thriller","8","NA","96min","39092","NA"
"TheRed Shoes","(1948)","NA","Drama","Music","Romance","8.1","NA","135min","36359","$10.90M"
"CitizenKane","(1941)","UA","Drama","Mystery","NA","8.3","100","119min","446885","$1.59M"
"KillBill: Vol. 1","(2003)","A","Action","Crime","Drama","8.2","69","111min","1129347","$70.10M"
"JFK","(1991)","UA","Drama","History","Thriller","8","72","189min","160335","$70.41M"
"MinorityReport","(2002)","A","Action","Crime","Mystery","7.6","80","145min","560750","$132.07M"
"TheBatman","(2022)","UA","Action","Crime","Drama","7.8","72","176min","682101","$369.35M"
"SooraraiPottru","(2020)","U","Action","Drama","NA","8.7","NA","153min","118584","NA"
"96","(II)(2018)","U","Drama","Romance","NA","8.5","NA","158min","32545","NA"
"Detsjunde inseglet","(1957)","A","Drama","Fantasy","NA","8.1","88","96min","188091","#200"
"CapeFear","(1962)","A","Drama","Thriller","NA","7.7","76","106min","30097","NA"
"WakingLife","(2001)","R","Animation","Drama","Fantasy","7.7","83","99min","65164","$2.89M"
"Tôkyôgoddofâzâzu","(2003)","UA","Animation","Adventure","Comedy","7.8","73","92min","42532","$0.13M"
"TheHobbit: The Desolation of Smaug","(2013)","UA","Fantasy","NA","NA","7.8","66","161min","673357","$258.37M"
"AlmostFamous","(2000)","A","Adventure","Comedy","Drama","7.9","90","122min","281327","$32.53M"
"Judgmentat Nuremberg","(1961)","A","Drama","War","NA","8.3","60","179min","78911","#134"
"HindiMedium","(2017)","U","Comedy","Drama","NA","7.8","NA","132min","30088","NA"
"Inheritthe Wind","(1960)","NA","Biography","Drama","History","8.1","75","128min","31098","NA"
"TheShop Around the Corner","(1940)","NA","Comedy","Drama","Romance","8","96","99min","35080","$0.20M"
"Tenkûno shiro Rapyuta","(1986)","U","Animation","Adventure","Family","8","78","125min","169972","NA"
"Perfettisconosciuti","(2016)","NA","Comedy","Drama","NA","7.7","NA","96min","67274","NA"
"Songof the Sea","(2014)","PG","Animation","Adventure","Drama","8","85","93min","59913","$0.86M"
"Shine","(1996)","NotRated","Biography","Drama","Music","7.6","87","105min","55014","$35.81M"
"Prisoners","(2013)","A","Crime","Drama","Mystery","8.1","70","153min","733072","$61.00M"
"Strangerson a Train","(1951)","A","Crime","Drama","Film-Noir","7.9","88","101min","135892","$7.63M"
"TheLongest Day","(1962)","U","Action","Drama","History","7.7","75","178min","56986","$39.10M"
"Labattaglia di Algeri","(1966)","NA","Drama","War","NA","8.1","96","121min","61702","$0.06M"
"TheHelp","(2011)","UA","Drama","NA","NA","8.1","62","146min","466518","$169.71M"
"Cabaret","(1972)","A","Drama","Music","Musical","7.8","80","124min","56561","$42.77M"
"Akira","(1988)","UA","Animation","Action","Drama","8","67","124min","190958","$0.55M"
"StarWars: Episode III - Revenge of the Sith","(2005)","U","Action","Adventure","Fantasy","7.6","68","140min","802880","$380.26M"
"Sento Chihiro no kamikakushi","(2001)","U","Animation","Adventure","Family","8.6","96","125min","777246","$10.06M"
"Clerks","(1994)","U","Comedy","NA","NA","7.7","70","92min","226039","$3.15M"
"DarkWaters","(2019)","PG-13","Biography","Drama","History","7.6","73","126min","91910","NA"
"AllThat Jazz","(1979)","A","Drama","Music","Musical","7.8","72","123min","32999","$37.82M"
"Drishyam","(2013)","U","Crime","Drama","Thriller","8.3","NA","160min","42348","NA"
"Lilja4-ever","(2002)","R","Crime","Drama","NA","7.8","82","109min","46768","$0.18M"
"Lecercle rouge","(1970)","NA","Crime","Drama","Thriller","7.9","92","140min","26268","$0.37M"
"Manchesterby the Sea","(2016)","UA","Drama","NA","NA","7.8","96","137min","289812","$47.70M"
"Drive","(2011)","A","Action","Drama","NA","7.8","78","100min","655090","$35.06M"
"Black","(2005)","U","Drama","NA","NA","8.1","NA","122min","35356","$0.73M"
"HarryPotter and the Goblet of Fire","(2005)","UA","Adventure","Family","Fantasy","7.7","81","157min","639776","$290.01M"
"It'sa Wonderful Life","(1946)","PG","Drama","Family","Fantasy","8.6","89","130min","468089","#21"
"TheQuiet Man","(1952)","NA","Comedy","Drama","Romance","7.7","85","129min","39897","$10.55M"
"Predator","(1987)","A","Action","Adventure","Horror","7.8","47","107min","430456","$59.74M"
"movie","year","certificate","genre.1","genre.2","genre.3","imdb_rating","metascore","time_minute","vote","gross_earning"
"Lolarennt","(1998)","UA","Action","Crime","Thriller","7.7","77","81min","201424","$7.27M"
"Soshitechichi ni naru","(2013)","NA","Drama","NA","NA","7.8","73","121min","26019","$0.28M"
"Stalag17","(1953)","NA","Comedy","Drama","War","8","84","120min","56746","NA"
"ChakDe! India","(2007)","U","Drama","Family","Sport","8.1","68","153min","81788","$1.11M"
"Shichininno samurai","(1954)","U","Action","Drama","NA","8.6","98","207min","349765","$0.27M"
"Terminator2: Judgment Day","(1991)","A","Action","Sci-Fi","NA","8.6","75","137min","1112025","$204.84M"
"Article15","(2019)","UA","Crime","Drama","Mystery","8.1","NA","130min","34752","NA"
"TheGrand Budapest Hotel","(2014)","UA","Adventure","Comedy","Crime","8.1","88","99min","826079","$59.10M"
"PaanSingh Tomar","(2012)","UA","Action","Biography","Crime","8.2","NA","135min","36863","$0.04M"
"Hana-bi","(1997)","NA","Crime","Drama","Romance","7.7","NA","103min","31463","$0.23M"
"Charade","(1963)","U","Comedy","Mystery","Romance","7.9","83","113min","80107","$13.47M"
"Harvey","(1950)","NA","Comedy","Drama","Fantasy","7.9","NA","104min","56489","NA"
"Scarface","(1983)","A","Crime","Drama","NA","8.3","65","170min","854833","$45.60M"
"TrueGrit","(2010)","16","Drama","Western","NA","7.6","80","110min","344442","$171.24M"
"Lamontaña sagrada","(1973)","NotRated","Adventure","Drama","Fantasy","7.8","76","114min","44652","$0.06M"
"Piratesof the Caribbean: The Curse of the Black Pearl","(2003)","UA","Action","Adventure","Fantasy","8.1","63","143min","1141747","$305.41M"
"SlingBlade","(1996)","R","Drama","NA","NA","8","84","135min","95516","$24.48M"
"TheConversation","(1974)","U","Drama","Mystery","Thriller","7.8","87","113min","114598","$4.42M"
"GuessWho's Coming to Dinner","(1967)","NA","Comedy","Drama","NA","7.8","63","108min","46471","$56.70M"
"Dothe Right Thing","(1989)","U","Comedy","Drama","NA","8","93","120min","104836","$27.55M"
"VikramVedha","(2017)","UA","Action","Crime","Drama","8.2","NA","147min","46779","NA"
"Domza vesanje","(1988)","NA","Comedy","Crime","Drama","8.1","NA","142min","31451","$0.28M"
"Durififi chez les hommes","(1955)","NA","Crime","Drama","Thriller","8.1","97","118min","35316","$0.06M"
"TheBanshees of Inisherin","(2022)","A","Comedy","Drama","NA","7.7","87","114min","166609","NA"
"Airlift","(2016)","UA","Action","Drama","History","7.9","NA","130min","57654","NA"
"DilwaleDulhania Le Jayenge","(1995)","U","Drama","Romance","NA","8","NA","189min","72246","NA"
"Pan'sLabyrinth","(2006)","R","Drama","Fantasy","War","8.2","98","118min","676113","$37.63M"
"WolfWalkers","(2020)","UA","Animation","Action","Adventure","8","87","103min","34186","NA"
"TheSearchers","(1956)","U","Adventure","Drama","Western","7.9","94","119min","91565","NA"
"KindHearts and Coronets","(1949)","U","Comedy","Crime","NA","8","NA","106min","38176","NA"
"TheBourne Supremacy","(2004)","A","Action","Mystery","Thriller","7.7","73","108min","469764","$176.24M"
"Lapiel que habito","(2011)","R","Drama","Horror","Mystery","7.6","70","120min","156466","$3.19M"
"Titanic","(1997)","UA","Drama","Romance","NA","7.9","75","194min","1205377","$659.33M"
"CityLights","(1931)","G","Comedy","Drama","Romance","8.5","99","87min","187012","$0.02M"
"IndianaJones and the Last Crusade","(1989)","U","Action","Adventure","NA","8.2","65","127min","764137","$197.17M"
"Sennenjoyû","(2001)","NotRated","Animation","Drama","Fantasy","7.8","70","87min","29246","$0.19M"
"Secrets& Lies","(1996)","U","Comedy","Drama","NA","8","91","136min","44511","$13.42M"
"TheGrapes of Wrath","(1940)","NA","Drama","NA","NA","8.1","96","129min","95251","$0.06M"
"Druk","(2020)","16","Comedy","Drama","NA","7.7","79","117min","168128","NA"
"TheNaked Gun: From the Files of Police Squad!","(1988)","U","Comedy","Crime","NA","7.6","76","85min","174023","$78.76M"
"FindingNeverland","(2004)","U","Biography","Drama","Family","7.7","67","106min","208234","$51.68M"
"StarTrek II: The Wrath of Khan","(1982)","U","Action","Adventure","Sci-Fi","7.7","68","113min","124103","$78.91M"
"Barfi!","(2012)","U","Comedy","Drama","Romance","8.1","NA","151min","83450","$2.80M"
"CowboyBebop: Tengoku no tobira","(2001)","U","Animation","Action","Crime","7.8","61","115min","50158","$1.00M"
"Atonement","(2007)","UA","Drama","Mystery","Romance","7.8","85","123min","284552","$50.93M"
"Lock,Stock and Two Smoking Barrels","(1998)","A","Action","Comedy","Crime","8.2","66","107min","589920","$3.90M"
"TheImitation Game","(2014)","UA","Biography","Drama","Thriller","8","71","114min","781842","$91.13M"
"Vozvrashchenie","(2003)","NA","Drama","NA","NA","7.9","82","110min","46177","$0.50M"
"Underground","(1995)","NA","Comedy","Drama","Fantasy","8.1","79","170min","59303","$0.17M"
"TheOutlaw Josey Wales","(1976)","UA","Western","NA","NA","7.8","69","135min","75658","$31.80M"
"Dogville","(2003)","7","Crime","Drama","NA","8","59","178min","151561","$1.53M"
"Rosemary'sBaby","(1968)","A","Drama","Horror","NA","8","96","137min","221420","NA"
"Frost/Nixon","(2008)","U","Biography","Drama","History","7.7","80","122min","109593","$18.59M"
"Saw","(2004)","A","Horror","Mystery","Thriller","7.6","46","103min","430049","$56.00M"
"Ikiru","(1952)","U","Drama","NA","NA","8.3","91","143min","80524","$0.06M"
"Kagemusha","(1980)","U","Drama","History","War","7.9","84","180min","36481","NA"
"TheGame","(1997)","UA","Drama","Mystery","Thriller","7.7","63","129min","404807","$48.32M"
"Halloween","(1978)","A","Horror","Thriller","NA","7.7","87","91min","285939","$47.00M"
"Anand","(1971)","U","Drama","Musical","NA","8.1","NA","122min","34273","NA"
"Spoorloos","(1988)","NotRated","Mystery","Thriller","NA","7.7","NA","107min","40429","NA"
"ANight at the Opera","(1935)","NA","Comedy","Music","Musical","7.8","NA","96min","33516","$2.54M"
"JabWe Met","(2007)","U","Comedy","Drama","Romance","7.9","NA","138min","54921","$0.41M"
"LageRaho Munna Bhai","(2006)","U","Comedy","Drama","Romance","8","NA","144min","47897","$2.22M"
"Endof Watch","(2012)","A","Action","Adventure","Crime","7.6","68","109min","254126","$41.00M"
"MaryPoppins","(1964)","U","Comedy","Family","Fantasy","7.8","88","139min","176793","$102.27M"
"DerName der Rose","(1986)","UA","Drama","Mystery","Thriller","7.7","54","130min","111008","$7.15M"
"BartonFink","(1991)","A","Comedy","Drama","Thriller","7.6","69","116min","124461","$6.15M"
"Mougaan dou","(2002)","UA","Action","Crime","Drama","8","75","101min","126796","$0.17M"
"TheMan Who Would Be King","(1975)","U","Adventure","War","NA","7.8","91","129min","50092","NA"
"Amoresperros","(2000)","A","Drama","Thriller","NA","8.1","83","154min","243764","$5.38M"
"Zootopia","(2016)","U","Animation","Adventure","Comedy","8","78","108min","509161","$341.27M"
"Chhichhore","(2019)","UA","Comedy","Drama","Romance","8.3","NA","143min","56761","$0.90M"
"Dune:Part One","(2021)","UA","Action","Adventure","Drama","8","74","155min","655947","$108.33M"
"DjangoUnchained","(2012)","A","Drama","Western","NA","8.4","81","165min","1578706","$162.81M"
"Persona","(1966)","NA","Drama","Thriller","NA","8.1","86","85min","121954","#243"
"AClockwork Orange","(1971)","A","Crime","Sci-Fi","NA","8.3","77","136min","839879","$6.21M"
"I,Daniel Blake","(2016)","UA","Drama","NA","NA","7.8","78","100min","61501","$0.26M"
"TheMagdalene Sisters","(2002)","R","Drama","NA","NA","7.7","83","114min","27657","$4.89M"
"PrimalFear","(1996)","A","Crime","Drama","Mystery","7.7","47","129min","227597","$56.12M"
"Memento","(2000)","UA","Mystery","Thriller","NA","8.4","81","113min","1252090","$25.54M"
"Hellor High Water","(II)(2016)","R","Crime","Drama","Thriller","7.6","88","102min","236459","$26.86M"
"TheWolf of Wall Street","(2013)","A","Biography","Comedy","Crime","8.2","75","180min","1439947","$116.90M"
"Empireof the Sun","(1987)","U","Drama","War","NA","7.7","62","153min","128552","$22.24M"
"Loveand Death","(1975)","NA","Comedy","War","NA","7.7","89","85min","39338","NA"
"Centraldo Brasil","(1998)","R","Drama","NA","NA","8","80","110min","40534","$5.60M"
"ForrestGump","(1994)","UA","Drama","Romance","NA","8.8","82","142min","2109349","$330.25M"
"300","(2006)","A","Action","Drama","NA","7.6","52","117min","830268","$210.61M"
"8½","(1963)","NA","Drama","NA","NA","8","93","138min","120212","$0.05M"
"NoMan's Land","(2001)","R","Comedy","Drama","War","7.9","84","98min","47722","$1.06M"
"Who'sAfraid of Virginia Woolf?","(1966)","A","Drama","NA","NA","8","75","131min","76790","NA"
"Daremo shiranai","(2004)","PG-13","Drama","NA","NA","8","88","141min","29031","$0.68M"
"Bawang bie ji","(1993)","R","Drama","Music","Romance","8.1","83","171min","30349","$5.22M"
"TwelveMonkeys","(1995)","A","Mystery","Sci-Fi","Thriller","8","74","129min","625274","$57.14M"
"TheBridge on the River Kwai","(1957)","U","Adventure","Drama","War","8.2","87","161min","223703","$44.91M"
"ApocalypseNow","(1979)","R","Drama","Mystery","War","8.5","94","147min","675954","$83.47M"
"Singin'in the Rain","(1952)","G","Comedy","Musical","Romance","8.3","99","103min","246519","$8.82M"
"TheMessage","(1976)","NA","Biography","Drama","History","8.1","NA","177min","48585","NA"
"Patton","(1970)","U","Biography","Drama","War","7.9","86","172min","103929","$61.70M"
"Se7en","(1995)","A","Crime","Drama","Mystery","8.6","65","127min","1676057","$100.13M"
"Ôkamikodomo no Ame to Yuki","(2012)","U","Animation","Drama","Family","8.1","71","117min","46293","NA"
"TheGreen Mile","(1999)","UA","Crime","Drama","Fantasy","8.6","61","189min","1319292","$136.80M"
"AmericanGangster","(2007)","A","Biography","Crime","Drama","7.8","76","157min","432747","$130.16M"
"Celda211","(2009)","A","Action","Adventure","Crime","7.6","NA","113min","68750","NA"
"Paris,Texas","(1984)","U","Drama","NA","NA","8.1","81","145min","109114","$2.18M"
"WhatEver Happened to Baby Jane?","(1962)","A","Drama","Horror","Thriller","8","75","134min","58040","$4.05M"
"Witnessfor the Prosecution","(1957)","U","Crime","Drama","Mystery","8.4","76","116min","127797","$8.18M"
"Avatar:The Way of Water","(2022)","UA","Action","Adventure","Fantasy","7.8","67","192min","316425","$659.68M"
"Searching","(III)(2018)","U/A","Drama","Mystery","Thriller","7.6","71","102min","168375","$26.02M"
"HotFuzz","(2007)","A","Action","Comedy","Mystery","7.8","81","121min","512766","$23.64M"
"Downby Law","(1986)","NA","Comedy","Crime","Drama","7.7","75","107min","52746","$1.44M"
"L.A.Confidential","(1997)","A","Crime","Drama","Mystery","8.2","91","138min","588702","$64.62M"
"Casino","(1995)","A","Crime","Drama","NA","8.2","73","178min","528628","$42.44M"
"TrainingDay","(2001)","A","Action","Crime","Drama","7.7","69","122min","445356","$76.63M"
"TheGodfather Part II","(1974)","A","Crime","Drama","NA","9","90","202min","1286766","$57.30M"
"Maradentro","(2004)","U","Biography","Drama","NA","8","74","126min","82944","$2.09M"
"Northby Northwest","(1959)","U","Action","Adventure","Mystery","8.3","98","136min","332041","$13.28M"
"ThreeBillboards Outside Ebbing, Missouri","(2017)","A","Comedy","Crime","Drama","8.1","88","115min","518909","$54.51M"
"Badlands","(1973)","NA","Action","Crime","Drama","7.7","93","94min","74643","NA"
"CaptainAmerica: The Winter Soldier","(2014)","UA","Action","Adventure","Sci-Fi","7.8","70","136min","857794","$259.77M"
"Tonarino Totoro","(1988)","U","Animation","Comedy","Family","8.1","86","86min","346987","$1.11M"
"50/50","(2011)","18","Comedy","Drama","Romance","7.6","72","100min","334359","$35.01M"
"TheInsider","(1999)","UA","Biography","Drama","Thriller","7.8","84","157min","173697","$28.97M"
"Ilbuono, il brutto, il cattivo","(1966)","A","Adventure","Western","NA","8.8","90","161min","770110","$6.10M"
"KingKong","(1933)","NA","Adventure","Horror","Sci-Fi","7.9","90","100min","87193","$10.00M"
"Drishyam2","(2022)","UA","Crime","Drama","Mystery","8.2","NA","140min","33677","NA"
"RainMan","(1988)","U","Drama","NA","NA","8","65","133min","521916","$178.80M"
"Idii smotri","(1985)","A","Drama","Thriller","War","8.4","NA","142min","83374","#92"
"Unforgiven","(1992)","A","Drama","Western","NA","8.2","85","130min","416923","$101.16M"
"Interstellar","(2014)","UA","Adventure","Drama","Sci-Fi","8.6","74","169min","1873802","$188.02M"
"OnceUpon a Time in America","(1984)","A","Crime","Drama","NA","8.3","75","229min","356770","$5.32M"
"AmericanHistory X","(1998)","R","Crime","Drama","NA","8.5","62","119min","1133846","$6.72M"
"Changeling","(2008)","A","Biography","Crime","Drama","7.8","63","141min","258550","$35.74M"
"Manbikikazoku","(2018)","A","Crime","Drama","Thriller","7.9","93","121min","79431","$3.31M"
"TheGold Rush","(1925)","NA","Adventure","Comedy","Drama","8.1","NA","95min","112918","$5.45M"
"Serbuanmaut 2: Berandal","(2014)","A","Action","Crime","Thriller","7.9","71","150min","125758","$2.63M"
"Sleuth","(1972)","NA","Mystery","Thriller","NA","8","NA","138min","48514","$4.08M"
"Kahaani","(2012)","UA","Mystery","Thriller","NA","8.1","NA","122min","63692","$1.04M"
"Ivanovodetstvo","(1962)","A","Drama","War","NA","8","NA","95min","37662","NA"
"WindRiver","(2017)","R","Crime","Drama","Mystery","7.7","73","107min","258956","$33.80M"
"Incendies","(2010)","18","Drama","Mystery","NA","8.3","80","131min","181369","$6.86M"
"TheWrestler","(2008)","UA","Drama","Sport","NA","7.9","80","109min","310729","$26.24M"
"Nostalgia","(1983)","NA","Drama","NA","NA","8","NA","125min","28089","$0.01M"
"TheLast Samurai","(2003)","UA","Action","Drama","NA","7.8","55","154min","448274","$111.11M"
"ChungHing sam lam","(1994)","U","Comedy","Crime","Drama","8","78","102min","85888","$0.60M"
"Bacheha-Yeaseman","(1997)","PG","Drama","Family","Sport","8.2","77","89min","75872","$0.93M"
"Kumonosu-jô","(1957)","U","Drama","History","NA","8.1","NA","110min","53351","NA"
"IAm Sam","(2001)","U","Drama","NA","NA","7.6","28","132min","151771","$40.31M"
"DasCabinet des Dr. Caligari","(1920)","NA","Horror","Mystery","Thriller","8","NA","76min","65840","NA"
"LethalWeapon","(1987)","UA","Action","Crime","Thriller","7.6","68","109min","263886","$65.21M"
"TheBoondock Saints","(1999)","A","Action","Thriller","NA","7.7","44","108min","241966","$0.03M"
"Avengers:Infinity War","(2018)","UA","Action","Adventure","Sci-Fi","8.4","68","149min","1103204","$678.82M"
"Aftersun","(II)(2022)","R","Drama","NA","NA","7.7","95","102min","49097","NA"
"Maryand Max.","(2009)","U","Animation","Comedy","Drama","8.1","NA","92min","179543","#199"
"Happiness","(1998)","NotRated","Comedy","Drama","NA","7.7","81","134min","71604","$2.81M"
"Kaguya-himeno monogatari","(2013)","U","Animation","Drama","Family","8","89","137min","48729","$1.51M"
"JurassicPark","(1993)","UA","Action","Adventure","Sci-Fi","8.2","68","127min","1002785","$402.45M"
"Taken","(2008)","A","Action","Crime","Thriller","7.8","51","90min","610444","$145.00M"
"Swades:We, the People","(2004)","U","Drama","Musical","NA","8.2","NA","210min","92900","$1.22M"
"Watchmen","(2009)","A","Action","Drama","Mystery","7.6","56","162min","558986","$107.51M"
"TheMan from Earth","(2007)","NA","Drama","Fantasy","Mystery","7.9","NA","87min","190758","NA"
"DerHimmel über Berlin","(1987)","U","Drama","Fantasy","Romance","8","79","128min","72770","$3.33M"
"Tangled","(2010)","U","Animation","Adventure","Comedy","7.7","71","100min","462950","$200.82M"
"Forushande","(2016)","UA","Drama","Thriller","NA","7.7","85","124min","61785","$2.40M"
"2001:A Space Odyssey","(1968)","U","Adventure","Sci-Fi","NA","8.3","84","149min","677977","$56.95M"
"Walkthe Line","(2005)","U","Biography","Drama","Music","7.8","72","136min","255352","$119.52M"
"Masaan","(2015)","A","Drama","NA","NA","8.1","NA","109min","28901","NA"
"Viskningaroch rop","(1972)","A","Drama","NA","NA","8","NA","91min","35089","$1.74M"
"Misery","(1990)","A","Drama","Thriller","NA","7.8","75","107min","217975","$61.28M"
"BlackSwan","(2010)","A","Drama","Thriller","NA","8","79","108min","780239","$106.95M"
"Uri:The Surgical Strike","(2019)","UA","Action","Drama","History","8.2","NA","138min","66037","$4.19M"
"M.S.Dhoni: The Untold Story","(2016)","U","Biography","Drama","Sport","7.9","NA","184min","61652","$1.78M"
"Perun pugno di dollari","(1964)","A","Action","Drama","Western","7.9","65","99min","221378","$14.50M"
"JaiBhim","(2021)","A","Crime","Drama","Mystery","8.8","NA","164min","204822","#234"
"TrueRomance","(1993)","A","Crime","Drama","Romance","7.9","59","119min","231148","$12.28M"
"Requiemfor a Dream","(2000)","A","Drama","NA","NA","8.3","71","102min","853305","$3.64M"
"Raidersof the Lost Ark","(1981)","A","Action","Adventure","NA","8.4","85","115min","977337","$248.16M"
"Shaunof the Dead","(2004)","UA","Comedy","Horror","NA","7.9","76","99min","566216","$13.54M"
"Scentof a Woman","(1992)","UA","Drama","NA","NA","8","59","156min","304665","$63.90M"
"Capharnaüm","(2018)","A","Drama","NA","NA","8.4","75","126min","93070","$1.66M"
"Kokuhaku","(2010)","NA","Drama","Thriller","NA","7.7","NA","106min","40208","NA"
"Pride& Prejudice","(2005)","U","Drama","Romance","NA","7.8","82","129min","303838","$38.41M"
"X:First Class","(2011)","UA","Action","Sci-Fi","NA","7.7","65","131min","700284","$146.41M"
"Nattvardsgästerna","(1963)","NA","Drama","NA","NA","8","NA","81min","25730","NA"
"Baahubali2: The Conclusion","(2017)","UA","Action","Drama","NA","8.2","NA","167min","105021","$20.19M"
"1917","(2019)","R","Action","Drama","War","8.2","78","119min","608304","$159.23M"
"ThePurple Rose of Cairo","(1985)","U","Comedy","Fantasy","Romance","7.7","75","82min","52693","$10.63M"
"Spider-Man:Into the Spider-Verse","(2018)","U","Animation","Action","Adventure","8.4","87","117min","546931","$190.24M"
"TheFifth Element","(1997)","UA","Action","Adventure","Sci-Fi","7.6","52","126min","481414","$63.54M"
"DersuUzala","(1975)","U","Adventure","Biography","Drama","8.2","NA","142min","31224","#246"
"RearWindow","(1954)","U","Mystery","Thriller","NA","8.5","100","112min","497495","$36.76M"
"DilChahta Hai","(2001)","Unrated","Comedy","Drama","Romance","8.1","NA","183min","73359","$0.30M"
"Danceswith Wolves","(1990)","U","Adventure","Drama","Western","8","72","181min","272274","$184.21M"
"FullMetal Jacket","(1987)","UA","Drama","War","NA","8.3","78","116min","751418","$46.36M"
"Smultronstället","(1957)","U","Drama","Romance","NA","8.1","88","91min","108990","#186"
"Mononoke-hime","(1997)","U","Animation","Action","Adventure","8.3","76","134min","401348","$2.38M"
"TheSocial Network","(2010)","UA","Biography","Drama","NA","7.8","95","120min","715397","$96.96M"
"TheColor Purple","(1985)","U","Drama","NA","NA","7.7","78","154min","89251","$98.47M"
"Fargo","(1996)","A","Crime","Thriller","NA","8.1","86","98min","686752","$24.61M"
"MadMax 2","(1981)","UA","Action","Adventure","Sci-Fi","7.6","77","96min","184393","$12.47M"
"Serpico","(1973)","A","Biography","Crime","Drama","7.7","81","130min","126411","$29.80M"
"TheBourne Identity","(2002)","UA","Action","Mystery","Thriller","7.9","68","119min","553942","$121.66M"
"Sicario","(2015)","A","Action","Crime","Drama","7.6","82","121min","440251","$46.89M"
"Deliverance","(1972)","U","Adventure","Drama","Thriller","7.7","80","109min","112694","$7.06M"
"Awakenings","(1990)","U","Biography","Drama","NA","7.8","74","121min","146446","$52.10M"
"Aladdin","(1992)","U","Animation","Adventure","Comedy","8","86","90min","429817","$217.35M"
"SweetSmell of Success","(1957)","U","Drama","Film-Noir","NA","8","100","96min","33302","NA"
"FightClub","(1999)","A","Drama","NA","NA","8.8","66","139min","2157871","$37.03M"
"Senseand Sensibility","(1995)","U","Drama","Romance","NA","7.7","84","136min","118956","$43.18M"
"Coraline","(2009)","U","Animation","Drama","Family","7.7","80","100min","238202","$75.29M"
"TheStraight Story","(1999)","U","Biography","Drama","NA","8","86","112min","92432","$6.20M"
"ThePerks of Being a Wallflower","(2012)","UA","Drama","NA","NA","7.9","67","103min","521247","$17.74M"
"WhenHarry Met Sally...","(1989)","UA","Comedy","Drama","Romance","7.7","76","95min","226468","$92.82M"
"TheDay the Earth Stood Still","(1951)","U","Drama","Sci-Fi","NA","7.8","NA","92min","83178","NA"
"Room","(2015)","U","Drama","Thriller","NA","8.1","86","118min","427409","$14.68M"
"Mänsom hatar kvinnor","(2009)","R","Crime","Drama","Mystery","7.8","76","152min","218770","$10.10M"
"Kazetachinu","(2013)","NotRated","Animation","Biography","Drama","7.7","83","126min","88879","$5.21M"
"BeforeSunrise","(1995)","16","Drama","Romance","NA","8.1","77","101min","315852","$5.54M"
"TheHateful Eight","(2015)","A","Crime","Drama","Mystery","7.8","68","168min","615044","$54.12M"
"Todosobre mi madre","(1999)","R","Drama","NA","NA","7.8","87","101min","98823","$8.26M"
"Boyhood","(2014)","A","Drama","NA","NA","7.9","100","165min","358224","$25.38M"
"Gravity","(2013)","UA","Drama","Sci-Fi","Thriller","7.7","96","91min","835556","$274.09M"
"Gonewith the Wind","(1939)","U","Drama","Romance","War","8.2","97","238min","319724","$198.68M"
"Yingxiong","(2002)","UA","Action","Adventure","Drama","7.9","85","120min","183482","$53.71M"
"TheLego Movie","(2014)","U","Animation","Action","Adventure","7.7","83","100min","363007","$257.76M"
"Bomyeoreum gaeul gyeoul geurigo bom","(2003)","R","Drama","Romance","NA","8","85","103min","84286","$2.38M"
"SnowWhite and the Seven Dwarfs","(1937)","U","Animation","Adventure","Family","7.6","96","83min","203852","$184.93M"
"Meand Earl and the Dying Girl","(2015)","PG-13","Comedy","Drama","Romance","7.7","74","105min","133878","$6.74M"
"Höstsonaten","(1978)","U","Drama","Music","NA","8.1","NA","99min","35451","NA"
"Moneyball","(2011)","13","Biography","Drama","Sport","7.6","87","133min","432844","$75.61M"
"Solaris","(1972)","U","Drama","Mystery","Sci-Fi","8","93","167min","93512","NA"
"SomeLike It Hot","(1959)","U","Comedy","Music","Romance","8.2","98","121min","271012","$25.00M"
"Hamlet","(1996)","PG-13","Drama","NA","NA","7.7","NA","242min","38806","$4.41M"
"TheMatrix","(1999)","A","Action","Sci-Fi","NA","8.7","73","136min","1935942","$171.48M"
"TheFall","(2006)","R","Adventure","Drama","Fantasy","7.8","64","117min","113735","$2.28M"
"MulhollandDr.","(2001)","UA","Drama","Mystery","Thriller","7.9","86","147min","363045","$7.22M"
"Yôjinbô","(1961)","U","Action","Drama","Thriller","8.2","93","110min","124674","#145"
"TheAvengers","(2012)","UA","Action","Sci-Fi","NA","8","69","143min","1404708","$623.28M"
"Dawnof the Planet of the Apes","(2014)","UA","Action","Adventure","Drama","7.6","79","130min","447970","$208.55M"
"Lefabuleux destin d'Amélie Poulain","(2001)","U","Comedy","Romance","NA","8.3","69","122min","764217","$33.23M"
"DerUntergang","(2004)","UA","Biography","Drama","History","8.2","82","156min","359704","$5.51M"
"Hauruno ugoku shiro","(2004)","U","Animation","Adventure","Family","8.2","82","119min","404338","$4.71M"
"TheLord of the Rings: The Two Towers","(2002)","UA","Action","Adventure","Drama","8.8","87","179min","1686430","$342.55M"
"HisGirl Friday","(1940)","NA","Comedy","Drama","Romance","7.8","NA","92min","60309","$0.30M"
"BarryLyndon","(1975)","U","Adventure","Drama","War","8.1","89","185min","171748","#190"
"Mimiwo sumaseba","(1995)","U","Animation","Drama","Family","7.9","75","111min","65284","NA"
"Lostin Translation","(2003)","UA","Comedy","Drama","NA","7.7","91","102min","462829","$44.59M"
"CaptainAmerica: Civil War","(2016)","UA","Action","Sci-Fi","NA","7.8","75","147min","801457","$408.08M"
"TheOthers","(2001)","13","Horror","Mystery","Thriller","7.6","74","101min","373286","$96.52M"
"OBrother, Where Art Thou?","(2000)","U","Adventure","Comedy","Crime","7.7","69","107min","317789","$45.51M"
"UmbertoD.","(1952)","NA","Drama","NA","NA","8.2","92","89min","26574","$0.07M"
"Chinatown","(1974)","UA","Drama","Mystery","Thriller","8.2","92","130min","331557","$8.49M"
"Ang-ma-reulbo-at-da","(2010)","NotRated","Action","Crime","Drama","7.8","67","144min","134837","$0.13M"
"DieHard with a Vengeance","(1995)","A","Action","Adventure","Thriller","7.6","58","128min","393582","$100.01M"
"DuckSoup","(1933)","NA","Comedy","Musical","NA","7.8","93","69min","60965","NA"
"OneFlew Over the Cuckoo's Nest","(1975)","A","Drama","NA","NA","8.7","84","133min","1018329","$112.00M"
"25thHour","(2002)","R","Drama","NA","NA","7.6","69","135min","180917","$13.06M"
"LeSamouraï","(1967)","NA","Crime","Drama","NA","8","NA","105min","53011","$0.04M"
"Rushmore","(1998)","UA","Comedy","Drama","Romance","7.6","86","93min","188819","$17.11M"
"LittleMiss Sunshine","(2006)","UA","Comedy","Drama","NA","7.8","80","101min","490204","$59.89M"
"Crnamacka, beli macor","(1998)","R","Comedy","Crime","Romance","8","73","127min","54819","$0.35M"
"Unlong dimanche de fiançailles","(2004)","U","Drama","Mystery","Romance","7.6","76","133min","74566","$6.17M"
"Ah-ga-ssi","(2016)","A","Drama","Romance","Thriller","8.1","84","145min","153627","$2.01M"
"Pâfekutoburû","(1997)","A","Animation","Crime","Drama","8","67","81min","81091","$0.78M"
"LuckyNumber Slevin","(2006)","R","Crime","Drama","Thriller","7.7","53","110min","317409","$22.49M"
"TheTruman Show","(1998)","U","Comedy","Drama","NA","8.2","90","103min","1101619","$125.62M"
"Manon Fire","(2004)","UA","Action","Crime","Drama","7.7","47","146min","368933","$77.91M"
"MyName Is Khan","(2010)","UA","Adventure","Drama","Romance","7.9","50","165min","109997","$4.02M"
"Enterthe Dragon","(1973)","A","Action","Crime","Drama","7.6","83","102min","106658","$25.00M"
"Naked","(1993)","NA","Comedy","Drama","NA","7.7","85","131min","40951","$1.77M"
"Mavie de Courgette","(2016)","PG-13","Animation","Comedy","Drama","7.7","85","66min","26611","$0.29M"
"Gegendie Wand","(2004)","R","Drama","Romance","NA","7.9","78","121min","55457","NA"
"TheLives of Others","(2006)","A","Drama","Mystery","Thriller","8.4","89","137min","393634","$11.29M"
"CasinoRoyale","(2006)","UA","Action","Adventure","Thriller","8","80","144min","666059","$167.45M"
"SardarUdham","(2021)","UA13+","Biography","Crime","Drama","8.4","NA","164min","43555","NA"
"GullyBoy","(2019)","UA","Drama","Music","Romance","7.9","65","154min","40882","$5.57M"
"Birdmanor (The Unexpected Virtue of Ignorance)","(2014)","A","Comedy","Drama","NA","7.7","87","119min","640065","$42.34M"
"TheBreadwinner","(2017)","U","Animation","Drama","Family","7.7","78","94min","26515","$0.31M"
"Serbuanmaut","(2011)","A","Action","Crime","Thriller","7.6","73","101min","208089","$4.11M"
"Ta'me guilass","(1997)","NA","Drama","NA","NA","7.7","80","95min","32607","$0.31M"
"RioBravo","(1959)","NA","Drama","Western","NA","8","93","141min","64197","$12.54M"
"Kaithi","(2019)","UA","Action","Adventure","Crime","8.5","NA","145min","34748","NA"
"HeraPheri","(2000)","U","Action","Comedy","Crime","8.1","NA","156min","68671","NA"
"KungFu Panda","(2008)","U","Animation","Action","Adventure","7.6","74","92min","481868","$215.43M"
"GoodFellas","(1990)","A","Biography","Crime","Drama","8.7","91","145min","1177268","$46.84M"
"Mommy","(2014)","R","Drama","NA","NA","8","74","139min","58591","$3.49M"
"TheSilence of the Lambs","(1991)","A","Crime","Drama","Thriller","8.6","86","118min","1450892","$130.74M"
"Rashômon","(1950)","U","Crime","Drama","Mystery","8.2","98","88min","171105","$0.10M"
"SpecialChabbis","(2013)","UA","Crime","Drama","Thriller","8","NA","144min","57195","$1.08M"
"TheDeer Hunter","(1978)","A","Drama","War","NA","8.1","86","183min","343788","$48.98M"
"DonnieDarko","(2001)","UA","Drama","Mystery","Sci-Fi","8","88","113min","812344","$1.48M"
"G.O.R.A.","(2004)","18","Adventure","Comedy","Sci-Fi","8","NA","127min","64079","NA"
"DoubleIndemnity","(1944)","NA","Crime","Drama","Film-Noir","8.3","95","107min","159508","$5.72M"
"Adaptation.","(2002)","R","Comedy","Drama","NA","7.7","83","115min","195794","$22.25M"
"TheHangover","(2009)","UA","Comedy","NA","NA","7.7","73","100min","798364","$277.32M"
"MyLeft Foot: The Story of Christy Brown","(1989)","U","Biography","Drama","NA","7.8","97","103min","76043","$14.74M"
"TheGreat Dictator","(1940)","NA","Comedy","Drama","War","8.4","NA","125min","226786","$0.29M"
"Lifeof Brian","(1979)","NA","Comedy","NA","NA","8","77","94min","405308","$20.05M"
"LaLa Land","(2016)","A","Comedy","Drama","Music","8","94","128min","605175","$151.10M"
"Jeande Florette","(1986)","U","Comedy","Drama","NA","8.1","NA","120min","26449","$4.94M"
"NuovoCinema Paradiso","(1988)","U","Drama","Romance","NA","8.5","80","155min","265265","$11.99M"
"What'sEating Gilbert Grape","(1993)","U","Drama","NA","NA","7.7","73","118min","241939","$9.17M"
"EternalSunshine of the Spotless Mind","(2004)","UA","Drama","Romance","Sci-Fi","8.3","89","108min","1021184","$34.40M"
"Diariosde motocicleta","(2004)","U","Adventure","Biography","Drama","7.7","75","126min","102508","$16.78M"
"Hedwigand the Angry Inch","(2001)","R","Comedy","Drama","Music","7.7","85","95min","36267","$3.03M"
"Undersandet","(2015)","R","Drama","History","War","7.8","75","100min","42643","$0.44M"
"Sarfarosh","(1999)","A","Action","Drama","Thriller","8.1","NA","174min","26114","NA"
"Ladridi biciclette","(1948)","U","Drama","NA","NA","8.3","NA","89min","165892","$0.33M"
"TheUsual Suspects","(1995)","A","Crime","Drama","Mystery","8.5","77","106min","1095872","$23.34M"
"BillyElliot","(2000)","UA","Drama","Music","NA","7.7","74","110min","137515","$22.00M"
"Boyzn the Hood","(1991)","A","Crime","Drama","NA","7.8","76","112min","144462","$57.50M"
"ThePrestige","(2006)","U","Drama","Mystery","Sci-Fi","8.5","66","130min","1349763","$53.09M"
"FindingNemo","(2003)","U","Animation","Adventure","Comedy","8.2","90","100min","1056074","$380.84M"
"TheGreat Escape","(1963)","U","Adventure","Drama","History","8.2","86","172min","247641","$12.10M"
"Perqualche dollaro in più","(1965)","U","Western","NA","NA","8.2","74","132min","260439","$15.00M"
"BeforeMidnight","(2013)","R","Drama","Romance","NA","7.9","94","109min","162339","$8.11M"
"Cidadede Deus","(2002)","A","Crime","Drama","NA","8.6","79","130min","764365","$7.56M"
"Padman","(2018)","UA","Comedy","Drama","NA","7.9","NA","140min","27007","$1.66M"
"Magnolia","(1999)","UA","Drama","NA","NA","8","78","188min","317113","$22.46M"
"MadMax: Fury Road","(2015)","UA","Action","Adventure","Sci-Fi","8.1","90","120min","1018045","$154.06M"
"GetOut","(2017)","15+","Horror","Mystery","Thriller","7.7","85","104min","629026","$176.04M"
"Yiyi","(2000)","NA","Drama","Romance","NA","8.1","94","173min","25740","$1.14M"
"Asuran","(2019)","UA","Action","Drama","NA","8.4","NA","141min","30666","NA"
"TheInvisible Man","(1933)","NA","Horror","Sci-Fi","NA","7.6","87","71min","37017","NA"
"TheMan Who Shot Liberty Valance","(1962)","U","Drama","Western","NA","8.1","94","123min","78142","NA"
"M- Eine Stadt sucht einen Mörder","(1931)","NA","Crime","Mystery","Thriller","8.3","NA","117min","160286","$0.03M"
"MidnightCowboy","(1969)","A","Drama","NA","NA","7.8","79","113min","113641","$44.79M"
"JoyeuxNoël","(2005)","PG-13","Drama","History","Music","7.7","70","116min","30627","$1.05M"
"Ayla:The Daughter of War","(2017)","NA","Biography","Drama","History","8.3","NA","125min","41081","NA"
"TheRemains of the Day","(1993)","U","Drama","Romance","NA","7.8","86","134min","77029","$22.95M"
"ToyStory","(1995)","U","Animation","Adventure","Comedy","8.3","96","81min","1006690","$191.80M"
"District9","(2009)","A","Action","Sci-Fi","Thriller","7.9","81","112min","689953","$115.65M"
"MarriageStory","(2019)","U","Drama","Romance","NA","7.9","94","137min","319412","$2.00M"
"Lawrenceof Arabia","(1962)","U","Adventure","Biography","Drama","8.3","100","218min","298113","$44.82M"
"Talvar","(2015)","UA","Crime","Drama","Mystery","8.1","NA","132min","36189","$0.34M"
"MunnaBhai M.B.B.S.","(2003)","U","Comedy","Drama","NA","8.1","NA","156min","83855","NA"
"SavingPrivate Ryan","(1998)","A","Drama","War","NA","8.6","91","169min","1408594","$216.54M"
"ShutterIsland","(2010)","A","Mystery","Thriller","NA","8.2","63","138min","1340438","$128.01M"
"Shrek","(2001)","U","Animation","Adventure","Comedy","7.9","84","90min","691162","$267.67M"
"Touchof Evil","(1958)","PG-13","Crime","Drama","Film-Noir","8","99","95min","106239","$2.24M"
"Papillon","(1973)","R","Biography","Crime","Drama","8","58","151min","132913","$53.27M"
"21Grams","(2003)","UA","Crime","Drama","Thriller","7.6","70","124min","240128","$16.29M"
"TheFly","(1986)","A","Drama","Horror","Sci-Fi","7.6","79","96min","188290","$40.46M"
"Kakushi-torideno san-akunin","(1958)","NA","Action","Adventure","Drama","8.1","89","139min","40060","NA"
"ToyStory 3","(2010)","U","Animation","Adventure","Comedy","8.3","92","103min","846433","$415.00M"
"ZindagiNa Milegi Dobara","(2011)","U","Comedy","Drama","Musical","8.2","NA","155min","80412","$3.11M"
"WhatWe Do in the Shadows","(2014)","R","Comedy","Horror","NA","7.6","76","86min","188258","$3.33M"
"Her","(2013)","A","Drama","Romance","Sci-Fi","8","91","126min","626986","$25.57M"
"Troiscouleurs: Rouge","(1994)","U","Drama","Mystery","Romance","8.1","100","99min","105385","$4.04M"
"GreenBook","(2018)","UA","Biography","Comedy","Drama","8.2","69","130min","507231","$85.08M"
"Serenity","(2005)","PG-13","Action","Adventure","Sci-Fi","7.8","74","119min","298829","$25.51M"
"Pathsof Glory","(1957)","A","Drama","War","NA","8.4","90","88min","200331","#60"
"Joker","(2019)","A","Crime","Drama","Thriller","8.4","59","122min","1323429","$335.45M"
"Gaslight","(1944)","NA","Crime","Drama","Mystery","7.8","78","114min","30658","NA"
"Sabrina","(1954)","NA","Comedy","Drama","Romance","7.6","72","113min","66792","NA"
"Thor:Ragnarok","(2017)","UA","Action","Adventure","Comedy","7.9","74","130min","765778","$315.06M"
"TheBig Lebowski","(1998)","UA","Comedy","Crime","NA","8.1","71","117min","819070","$17.50M"
"ToyStory 2","(1999)","U","Animation","Adventure","Comedy","7.9","88","92min","589935","$245.85M"
"FriedGreen Tomatoes","(1991)","U","Drama","NA","NA","7.7","64","130min","77029","$82.42M"
"Elángel exterminador","(1962)","NA","Drama","Fantasy","NA","8","NA","95min","33860","NA"
"TheLast of the Mohicans","(1992)","UA","Action","Adventure","Drama","7.7","76","112min","175087","$75.51M"
"12Angry Men","(1957)","U","Crime","Drama","NA","9","97","96min","801997","$4.36M"
"ThePianist","(2002)","13","Biography","Drama","Music","8.5","85","150min","844733","$32.57M"
"Guillermodel Toro's Pinocchio","(2022)","PG","Animation","Drama","Family","7.6","79","117min","88101","NA"
"Gongdonggyeongbi guyeok JSA","(2000)","NA","Action","Drama","Thriller","7.7","58","110min","31720","NA"
"YoungFrankenstein","(1974)","A","Comedy","NA","NA","8","83","106min","161513","$86.30M"
"LovingVincent","(2017)","UA","Animation","Drama","Mystery","7.8","62","94min","59608","$6.74M"
"ThisIs Spinal Tap","(1984)","NA","Comedy","Music","NA","7.9","92","82min","141942","$4.74M"
"Hotaruno haka","(1988)","U","Animation","Drama","War","8.5","94","89min","282869","#44"
"TheThird Man","(1949)","U","Film-Noir","Mystery","Thriller","8.1","97","104min","173884","$0.45M"
"Guardiansof the Galaxy Vol. 2","(2017)","UA","Action","Adventure","Comedy","7.6","67","136min","694640","$389.81M"
"Vikram","(2022)","UA","Action","Crime","Thriller","8.3","NA","175min","62204","NA"
"Glory","(1989)","U","Biography","Drama","History","7.8","78","122min","137589","$26.83M"
"Roma","(2018)","16","Drama","NA","NA","7.7","96","135min","162056","NA"
"Lesyeux sans visage","(1960)","NotRated","Drama","Horror","NA","7.6","90","90min","32844","$0.05M"
"ThirteenLives","(2022)","UA16+","Action","Adventure","Biography","7.8","66","147min","58273","NA"
"Soul","(2020)","U","Animation","Adventure","Comedy","8","83","100min","338962","NA"
"TheTerminator","(1984)","A","Action","Sci-Fi","NA","8.1","84","107min","876975","$38.40M"
"TheBig Sleep","(1946)","NA","Crime","Film-Noir","Mystery","7.9","86","114min","87340","$6.54M"
"GoneBaby Gone","(2007)","A","Crime","Drama","Mystery","7.6","72","114min","277679","$20.30M"
"Portraitde la jeune fille en feu","(2019)","18","Drama","Romance","NA","8.1","95","122min","96455","$3.76M"
"Boundby Honor","(1993)","R","Crime","Drama","NA","7.9","47","180min","32330","$4.50M"
"HighNoon","(1952)","U","Drama","Thriller","Western","8","89","85min","106106","$9.45M"
"Bellede jour","(1967)","A","Drama","Romance","NA","7.7","NA","100min","46098","$0.03M"
"CaptainFantastic","(2016)","18","Comedy","Drama","NA","7.8","72","118min","223116","$5.88M"
"Zodiac","(2007)","UA","Crime","Drama","Mystery","7.7","79","157min","554273","$33.08M"
"Ran","(1985)","U","Action","Drama","War","8.2","96","162min","127688","$4.14M"
"Control","(2007)","R","Biography","Drama","Music","7.6","78","122min","66524","$0.87M"
"Kick-Ass","(2010)","UA","Action","Comedy","Crime","7.6","66","117min","570673","$48.07M"
"TheCurious Case of Benjamin Button","(2008)","UA","Drama","Fantasy","Romance","7.8","70","166min","661501","$127.51M"
"Quovadis, Aida?","(2020)","NA","Drama","History","War","8","97","101min","35166","NA"
"TopGun: Maverick","(2022)","UA","Action","Drama","NA","8.3","78","130min","547564","$718.73M"
"MysticRiver","(2003)","A","Crime","Drama","Mystery","7.9","84","138min","463719","$90.14M"
"Deadpool2","(2018)","R","Action","Adventure","Comedy","7.7","66","119min","595144","$324.59M"
"EdWood","(1994)","U","Biography","Comedy","Drama","7.8","70","127min","178714","$5.89M"
"Zulu","(1964)","U","Drama","History","War","7.7","77","138min","40468","NA"
"Apollo13","(1995)","U","Adventure","Drama","History","7.7","77","140min","300553","$173.84M"
"ToKill a Mockingbird","(1962)","U","Crime","Drama","NA","8.3","88","129min","319813","#110"
"C.R.A.Z.Y.","(2005)","NotRated","Comedy","Drama","NA","7.9","81","129min","33340","NA"
"BajrangiBhaijaan","(2015)","UA","Action","Adventure","Comedy","8.1","NA","163min","90776","$8.18M"
"AWoman Under the Influence","(1974)","NA","Drama","Romance","NA","8.1","88","155min","26327","$13.34M"
"3Idiots","(2009)","UA","Comedy","Drama","NA","8.4","67","170min","406463","$6.53M"
"Outof the Past","(1947)","NA","Crime","Drama","Film-Noir","8","85","97min","38501","NA"
"ShortTerm 12","(2013)","R","Drama","NA","NA","7.9","82","96min","89114","$1.01M"
"TheBreakfast Club","(1985)","UA","Comedy","Drama","NA","7.8","66","97min","407874","$45.88M"
"InglouriousBasterds","(2009)","A","Adventure","Drama","War","8.3","69","153min","1472405","$120.54M"
"Juleset Jim","(1962)","NA","Drama","Romance","NA","7.7","97","105min","42651","NA"
"Tumbbad","(2018)","A","Drama","Fantasy","Horror","8.2","NA","104min","51648","NA"
"TheIrishman","(2019)","16","Biography","Crime","Drama","7.8","94","209min","397730","$7.00M"
"TheGeneral","(1926)","NA","Action","Adventure","Comedy","8.1","NA","67min","92992","$1.03M"
"Dahong denglong gaogao gua","(1991)","NA","Drama","Romance","NA","8.1","NA","125min","33592","$2.60M"
"TaareZameen Par","(2007)","U","Drama","Family","NA","8.3","NA","165min","196196","$1.22M"
"Avengers:Endgame","(2019)","UA","Action","Adventure","Drama","8.4","78","181min","1157559","$858.37M"
"Moon","(2009)","R","Drama","Mystery","Sci-Fi","7.8","67","97min","364210","$5.01M"
"TheJungle Book","(1967)","U","Animation","Adventure","Comedy","7.6","65","78min","187703","$141.84M"
"AStreetcar Named Desire","(1951)","A","Drama","NA","NA","7.9","97","122min","110115","$8.00M"
"TheBoy in the Striped Pajamas","(2008)","PG-13","Drama","War","NA","7.7","55","94min","225677","$9.03M"
"Låtden rätte komma in","(2008)","R","Drama","Fantasy","Horror","7.9","82","114min","220366","$2.12M"
"Zerkalo","(1975)","NA","Biography","Drama","NA","8","80","107min","48449","$0.18M"
"BeforeSunset","(2004)","A","Drama","Romance","NA","8.1","90","80min","270268","$5.82M"
"MyFair Lady","(1964)","U","Drama","Family","Musical","7.8","95","170min","97442","$72.00M"
"Carlito'sWay","(1993)","A","Crime","Drama","Thriller","7.9","66","144min","222342","$36.95M"
"Fannyoch Alexander","(1982)","A","Drama","NA","NA","8.1","100","188min","65092","$4.97M"
"Unprophète","(2009)","A","Crime","Drama","NA","7.8","90","155min","99733","$2.08M"
"BringingUp Baby","(1938)","NA","Comedy","NA","NA","7.8","91","102min","63079","NA"
"Isleof Dogs","(2018)","U","Animation","Adventure","Comedy","7.8","82","101min","174068","$32.02M"
"Bãhubali:The Beginning","(2015)","UA","Action","Drama","NA","8","NA","159min","128380","$6.74M"
"BirZamanlar Anadolu'da","(2011)","NA","Crime","Drama","Thriller","7.8","82","157min","47451","$0.14M"
"Omoideno Marnie","(2014)","U","Animation","Drama","Family","7.7","72","103min","42627","$0.77M"
"LaGrande Illusion","(1937)","NA","Drama","War","NA","8.1","NA","113min","37407","$0.17M"
"TheThin Man","(1934)","NA","Comedy","Crime","Mystery","7.9","86","91min","30931","NA"
"Spotlight","(2015)","A","Biography","Crime","Drama","8.1","93","129min","477150","$45.06M"
"Batman:Mask of the Phantasm","(1993)","PG","Animation","Action","Adventure","7.8","65","76min","52834","$5.62M"
"Vivresa vie: Film en douze tableaux","(1962)","NA","Drama","NA","NA","7.8","NA","80min","33086","NA"
"TheKing's Speech","(2010)","U","Biography","Drama","History","8","88","118min","687531","$138.80M"
"AmericanPsycho","(2000)","A","Crime","Drama","Horror","7.6","64","102min","641821","$15.07M"
"HiddenFigures","(2016)","UA","Biography","Drama","History","7.8","74","127min","237065","$169.61M"
"ItHappened One Night","(1934)","NA","Comedy","Romance","NA","8.1","87","105min","106112","$4.36M"
"TheLast King of Scotland","(2006)","A","Biography","Drama","History","7.6","74","123min","189309","$17.61M"
"CoolHand Luke","(1967)","A","Crime","Drama","NA","8.1","92","127min","179790","$16.22M"
"OctoberSky","(1999)","PG","Biography","Drama","Family","7.8","71","108min","93555","$32.48M"
"MillionDollar Baby","(2004)","UA","Drama","Sport","NA","8.1","86","132min","694610","$100.49M"
"Beastsof No Nation","(2015)","NA","Drama","War","NA","7.7","79","137min","83259","$0.08M"
"Wreck-ItRalph","(2012)","U","Animation","Adventure","Comedy","7.7","72","101min","431107","$189.42M"
"AsGood as It Gets","(1997)","A","Comedy","Drama","Romance","7.7","67","139min","304501","$148.48M"
"TheGoonies","(1985)","U","Adventure","Comedy","Family","7.7","62","114min","280667","$61.50M"
"CallMe by Your Name","(2017)","UA","Drama","Romance","NA","7.8","94","132min","282809","$18.10M"
"K.G.F:Chapter 2","(2022)","UA","Action","Crime","Drama","8.3","NA","168min","137555","$6.60M"
"Kurenaino buta","(1992)","U","Animation","Adventure","Comedy","7.7","83","94min","92636","NA"
"TheAfrican Queen","(1951)","U","Adventure","Drama","Romance","7.7","91","105min","80441","$0.54M"
"TheUntouchables","(1987)","A","Crime","Drama","Thriller","7.8","79","119min","315744","$76.27M"
"Nebraska","(2013)","UA","Drama","NA","NA","7.7","86","115min","119764","$17.65M"
"DoctorZhivago","(1965)","A","Drama","Romance","War","7.9","69","197min","78669","$111.72M"
"Ilpostino","(1994)","NotRated","Biography","Comedy","Drama","7.8","81","108min","37355","$21.85M"
"Taeksiwoonjunsa","(2017)","UA","Action","Drama","History","7.9","69","137min","26443","$1.53M"
"Allthe President's Men","(1976)","U","Drama","History","Thriller","7.9","84","138min","118632","$70.60M"
"Nightcrawler","(2014)","A","Crime","Drama","Thriller","7.8","76","117min","561064","$32.38M"
"X-Men:Days of Future Past","(2014)","UA","Action","Adventure","Sci-Fi","7.9","75","132min","720192","$233.92M"
"Rocky","(1976)","U","Drama","Sport","NA","8.1","70","120min","589337","$117.24M"
"ABronx Tale","(1993)","R","Crime","Drama","NA","7.8","80","121min","146230","$17.27M"
"CaptainPhillips","(2013)","UA","Action","Biography","Crime","7.8","82","134min","468598","$107.10M"
"Brazil","(1985)","U","Drama","Sci-Fi","NA","7.9","84","132min","203839","$9.93M"
"Lavita è bella","(1997)","U","Comedy","Drama","Romance","8.6","59","116min","704155","$57.60M"
"Jagten","(2012)","7","Drama","NA","NA","8.3","77","115min","336654","$0.69M"
"TheRoyal Tenenbaums","(2001)","A","Comedy","Drama","NA","7.6","76","110min","298127","$52.36M"
"Inthe Heat of the Night","(1967)","U","Drama","Mystery","Thriller","7.9","76","110min","78483","$24.38M"
"Sholay","(1975)","U","Action","Adventure","Comedy","8.1","NA","204min","56724","NA"
"Troiscouleurs: Bleu","(1993)","U","Drama","Music","Mystery","7.9","85","94min","104897","$1.32M"
"Eskiya","(1996)","NA","Crime","Drama","Thriller","8.1","NA","128min","70598","NA"
"Braveheart","(1995)","A","Biography","Drama","History","8.4","68","178min","1047623","$75.60M"
"TheBig Heat","(1953)","NA","Crime","Film-Noir","Thriller","7.9","NA","89min","27445","NA"
"Sunrise:A Song of Two Humans","(1927)","NA","Drama","Romance","NA","8.1","95","94min","51861","$0.54M"
"Tombstone","(1993)","UA","Biography","Drama","History","7.8","50","130min","153547","$56.51M"
"TheRight Stuff","(1983)","UA","Adventure","Biography","Drama","7.8","91","193min","62570","$21.50M"
"Ladolce vita","(1960)","A","Comedy","Drama","NA","8","95","174min","74857","$19.52M"
"OrdinaryPeople","(1980)","U","Drama","NA","NA","7.7","86","124min","53675","$54.80M"
"Frankenstein","(1931)","A","Drama","Horror","Sci-Fi","7.8","91","70min","74994","NA"
"Miracleon 34th Street","(1947)","NA","Comedy","Drama","Family","7.9","88","96min","50982","$2.65M"
"Amour","(2012)","UA","Drama","NA","NA","7.9","95","127min","102184","$6.74M"
"AndazApna Apna","(1994)","U","Action","Comedy","Romance","8","NA","160min","53978","NA"
"AllQuiet on the Western Front","(1930)","U","Drama","War","NA","8.1","91","152min","64699","$3.27M"
"DogDay Afternoon","(1975)","U","Biography","Crime","Drama","8","86","125min","261153","$50.00M"
"Aliens","(1986)","U","Action","Adventure","Sci-Fi","8.4","84","137min","726077","$85.16M"
"KeyLargo","(1948)","NA","Action","Crime","Drama","7.7","NA","100min","41963","NA"
"FaYeung Nin Wah","(2000)","U","Drama","Romance","NA","8.1","87","98min","154503","$2.73M"
"ExMachina","(2014)","UA","Drama","Sci-Fi","Thriller","7.7","78","108min","555140","$25.44M"
"CatchMe If You Can","(2002)","A","Biography","Crime","Drama","8.1","75","141min","1004594","$164.62M"
"Klaus","(2019)","7","Animation","Adventure","Comedy","8.2","65","96min","163190","#178"
"MatchPoint","(2005)","R","Drama","Romance","Thriller","7.6","72","124min","221142","$23.09M"
"HarryPotter and the Deathly Hallows: Part 2","(2011)","UA","Adventure","Family","Fantasy","8.1","85","130min","890107","$381.01M"
"Pride","(2014)","R","Biography","Comedy","Drama","7.8","79","119min","58824","NA"
"Once","(2007)","R","Drama","Music","Romance","7.8","89","86min","118149","$9.44M"
"Kungfu","(2004)","UA","Action","Comedy","Fantasy","7.7","78","99min","142964","$17.11M"
"AfterHours","(1985)","UA","Comedy","Crime","Drama","7.6","90","97min","72079","$10.60M"
"Apocalypto","(2006)","A","Action","Adventure","Drama","7.8","68","139min","317724","$50.87M"
"TheGraduate","(1967)","A","Comedy","Drama","Romance","8","83","106min","277628","$104.95M"
"Spider-Man:No Way Home","(2021)","UA","Action","Adventure","Fantasy","8.2","71","148min","777880","$804.75M"
"TheWizard of Oz","(1939)","U","Adventure","Family","Fantasy","8.1","92","102min","406443","$2.08M"
"Hablecon ella","(2002)","R","Drama","Mystery","Romance","7.9","86","112min","114262","$9.28M"
"Warrior","(2011)","UA","Action","Drama","Sport","8.2","71","140min","478405","$13.66M"
"Jaws","(1975)","A","Adventure","Thriller","NA","8.1","87","124min","616669","$260.00M"
"Wohu cang long","(2000)","UA","Action","Adventure","Drama","7.9","94","120min","273469","$128.08M"
"TheManchurian Candidate","(1962)","A","Drama","Thriller","NA","7.9","94","126min","76802","NA"
"Mission:Impossible - Fallout","(2018)","U/A","Action","Adventure","Thriller","7.7","86","147min","340378","$220.16M"
"BlackNarcissus","(1947)","NA","Drama","NA","NA","7.7","86","101min","25792","NA"
"LittleWomen","(2019)","U","Drama","Romance","NA","7.8","91","135min","214087","$108.10M"
"StarTrek","(2009)","UA","Action","Adventure","Sci-Fi","7.9","82","127min","607867","$257.73M"
"4luni, 3 saptamâni si 2 zile","(2007)","NA","Drama","NA","NA","7.9","97","113min","61375","$1.19M"
"TheLord of the Rings: The Return of the King","(2003)","U","Action","Adventure","Drama","9","94","201min","1867714","$377.85M"
"Kuboand the Two Strings","(2016)","U","Animation","Action","Adventure","7.7","84","101min","132032","$48.02M"
"PulpFiction","(1994)","A","Crime","Drama","NA","8.9","94","154min","2084130","$107.93M"
"Caton a Hot Tin Roof","(1958)","A","Drama","NA","NA","7.9","84","108min","50814","$17.57M"
"DespicableMe","(2010)","U","Animation","Adventure","Comedy","7.6","72","95min","555532","$251.51M"
"Onthe Waterfront","(1954)","A","Crime","Drama","Thriller","8.1","91","108min","157225","$9.60M"
"JojoRabbit","(2019)","UA","Comedy","Drama","War","7.9","58","108min","402630","$33.37M"
"Verdensverste menneske","(2021)","R","Comedy","Drama","Romance","7.8","90","128min","75981","NA"
"Fordv Ferrari","(2019)","UA","Action","Biography","Drama","8.1","81","152min","407598","$117.62M"
"PinkFloyd: The Wall","(1982)","A","Drama","Fantasy","Music","8","47","95min","82387","$22.24M"
"KnivesOut","(2019)","UA","Comedy","Crime","Drama","7.9","82","130min","713999","$165.36M"
"TheVerdict","(1982)","U","Drama","NA","NA","7.7","77","129min","42267","$54.00M"
"Haroldand Maude","(1971)","NA","Comedy","Drama","Romance","7.9","62","91min","78989","NA"
"Kingsman:The Secret Service","(2014)","A","Action","Adventure","Comedy","7.7","60","129min","678282","$128.26M"
"LePetit Prince","(2015)","PG","Animation","Adventure","Drama","7.7","70","108min","63563","$1.34M"
"Heat","(1995)","A","Action","Crime","Drama","8.3","76","170min","665548","$67.44M"
"TheDark Knight","(2008)","UA","Action","Crime","Drama","9","84","152min","2687020","$534.86M"
"TheWild Bunch","(1969)","A","Action","Adventure","Western","7.9","98","145min","86483","$12.06M"
"Laleggenda del pianista sull'oceano","(1998)","NotRated","Drama","Music","Romance","8","58","169min","65934","$0.26M"
"ThereWill Be Blood","(2007)","A","Drama","NA","NA","8.2","93","158min","595817","$40.22M"
"Ascenseurpour l'échafaud","(1958)","NA","Crime","Drama","Thriller","7.9","94","91min","26700","$0.11M"
"AFew Good Men","(1992)","U","Drama","Thriller","NA","7.7","62","138min","270334","$141.34M"
"Guardiansof the Galaxy","(2014)","UA","Action","Adventure","Comedy","8","76","121min","1194702","$333.18M"
"TheFugitive","(1993)","U","Action","Crime","Drama","7.8","87","130min","301093","$183.88M"
"Up","(2009)","U","Animation","Adventure","Comedy","8.3","88","96min","1057419","$293.00M"
"TheLord of the Rings: The Fellowship of the Ring","(2001)","U","Action","Adventure","Drama","8.8","92","178min","1897288","$315.54M"
"Ajeossi","(2010)","7","Action","Crime","Drama","7.7","NA","119min","71313","$0.01M"
"JodaeiyeNader az Simin","(2011)","7","Drama","NA","NA","8.3","95","123min","247678","$7.10M"
"Dev.D","(2009)","A","Comedy","Drama","Romance","7.9","NA","144min","31200","$0.01M"
"Gattaca","(1997)","UA","Drama","Sci-Fi","Thriller","7.8","64","106min","309533","$12.34M"
"Sullivan'sTravels","(1941)","NA","Adventure","Comedy","Drama","7.9","NA","90min","27133","NA"
"SherlockJr.","(1924)","NA","Action","Comedy","Romance","8.2","NA","45min","51515","$0.98M"
"Spartacus","(1960)","A","Adventure","Biography","Drama","7.9","87","197min","137207","$30.00M"
"K.G.F:Chapter 1","(2018)","UA","Action","Crime","Drama","8.2","NA","156min","89950","NA"
"DallasBuyers Club","(2013)","R","Biography","Drama","NA","7.9","77","117min","496081","$27.30M"
"Z","(1969)","M/PG","Crime","Drama","Thriller","8.2","86","127min","29637","$0.08M"
"PK","(2014)","UA","Comedy","Drama","Sci-Fi","8.1","NA","153min","191416","$10.62M"
"TheKilling","(1956)","NA","Crime","Drama","Film-Noir","7.9","91","84min","91716","NA"
"TheButterfly Effect","(2004)","UA","Drama","Sci-Fi","Thriller","7.6","30","113min","497371","$57.94M"
"Oldeuboi","(2003)","A","Action","Drama","Mystery","8.4","77","101min","588758","$0.71M"
"RRR(Rise Roar Revolt)","(2022)","UA","Action","Adventure","Drama","7.9","83","187min","140355","$14.50M"
"OnceUpon a Time in the West","(1968)","U","Western","NA","NA","8.5","82","165min","334076","$5.32M"
"TheFault in Our Stars","(2014)","UA","Drama","Romance","NA","7.7","69","126min","383582","$124.87M"
"TheFrench Connection","(1971)","A","Action","Crime","Drama","7.7","94","104min","125968","$15.63M"
"TheFather","(2020)","UA","Drama","Mystery","NA","8.2","88","97min","162206","#130"
"Sacrifice","(1986)","U","Drama","NA","NA","7.9","NA","149min","29198","$0.30M"
"TheTreasure of the Sierra Madre","(1948)","NA","Adventure","Drama","Western","8.2","98","126min","126613","$5.01M"
"Babamve Oglum","(2005)","NA","Drama","Family","NA","8.2","NA","112min","87579","#235"
"Lesalaire de la peur","(1953)","U","Adventure","Drama","Thriller","8.2","85","131min","62585","#193"
"InBruges","(2008)","R","Comedy","Crime","Drama","7.9","67","107min","439792","$7.76M"
"EnglishVinglish","(2012)","U","Comedy","Drama","Family","7.8","NA","134min","37317","$1.67M"
"Tokio kakeru shôjo","(2006)","U","Animation","Adventure","Comedy","7.7","66","98min","67763","NA"
"Acein the Hole","(1951)","NA","Drama","Film-Noir","NA","8.1","72","111min","37013","$3.97M"
"PatherPanchali","(1955)","U","Drama","NA","NA","8.3","NA","125min","34382","$0.54M"
"ShortCuts","(1993)","R","Comedy","Drama","NA","7.7","81","188min","45767","$6.11M"
"WALL·E","(2008)","U","Animation","Adventure","Family","8.4","95","98min","1130279","$223.81M"
"Dancerin the Dark","(2000)","U","Crime","Drama","Musical","7.9","61","140min","112001","$4.18M"
"TheMaltese Falcon","(1941)","NA","Crime","Film-Noir","Mystery","8","97","100min","161026","$2.11M"
"RangDe Basanti","(2006)","UA","Comedy","Crime","Drama","8.1","NA","167min","120028","$2.20M"
"SevenPounds","(2008)","UA","Drama","NA","NA","7.6","36","123min","306873","$69.95M"
"Monsters,Inc.","(2001)","U","Animation","Adventure","Comedy","8.1","79","92min","921853","$289.92M"
"Freaks","(1932)","NA","Drama","Horror","NA","7.8","80","64min","47862","$0.63M"
"Breakingthe Waves","(1996)","R","Drama","NA","NA","7.8","81","159min","68572","$4.04M"
"Persepolis","(2007)","PG-13","Animation","Biography","Drama","8","90","96min","96395","$4.45M"
"CinderellaMan","(2005)","UA","Biography","Drama","Romance","8","69","144min","190849","$61.65M"
"Aurevoir les enfants","(1987)","U","Drama","War","NA","8","88","104min","34673","$4.54M"
"HotelRwanda","(2004)","UA","Biography","Drama","History","8.1","79","121min","359672","$23.53M"
"Philadelphia","(1993)","UA","Drama","NA","NA","7.7","66","125min","246564","$77.32M"
"Tôkyômonogatari","(1953)","U","Drama","NA","NA","8.2","100","136min","63275","#207"
"TheMachinist","(2004)","R","Drama","Thriller","NA","7.7","61","101min","397309","$1.08M"
"Léon","(1994)","A","Action","Crime","Drama","8.5","64","110min","1176299","$19.50M"
"Trainspotting","(1996)","A","Drama","NA","NA","8.1","83","93min","695342","$16.50M"
"Skyfall","(2012)","UA","Action","Adventure","Thriller","7.8","81","143min","705102","$304.36M"
"BlazingSaddles","(1974)","A","Comedy","Western","NA","7.7","73","93min","142901","$119.50M"
"HarryPotter and the Sorcerer's Stone","(2001)","U","Adventure","Family","Fantasy","7.6","65","152min","799243","$317.58M"
"TheShawshank Redemption","(1994)","A","Drama","NA","NA","9.3","82","142min","2714258","$28.34M"
"Scarface","(1932)","NA","Action","Crime","Drama","7.7","87","93min","28811","NA"
"TheIncredibles","(2004)","U","Animation","Action","Adventure","8","90","115min","751002","$261.44M"
"BlackHawk Down","(2001)","A","Action","Drama","History","7.7","74","144min","403143","$108.64M"
"DarkCity","(1998)","A","Fantasy","Mystery","Sci-Fi","7.6","66","100min","203344","$14.38M"
"Invasionof the Body Snatchers","(1956)","NA","Drama","Horror","Sci-Fi","7.7","92","80min","51646","NA"
"TheBig Short","(2015)","A","Biography","Comedy","Drama","7.8","81","130min","441008","$70.26M"
"Haider","(2014)","UA","Action","Crime","Drama","8","NA","160min","55780","$0.90M"
"ZackSnyder's Justice League","(2021)","18","Action","Adventure","Fantasy","8","54","242min","406179","NA"
"EdwardScissorhands","(1990)","U","Drama","Fantasy","Romance","7.9","74","105min","498947","$56.36M"
"Beautyand the Beast","(1991)","U","Animation","Family","Fantasy","8","95","84min","460622","$218.97M"
"TheBest Years of Our Lives","(1946)","NA","Drama","Romance","War","8.1","93","170min","66268","$23.65M"
"InsideOut","(2015)","U","Animation","Adventure","Comedy","8.1","94","95min","726277","$356.46M"
"TheApartment","(1960)","U","Comedy","Drama","Romance","8.3","94","125min","184633","$18.60M"
"Relatossalvajes","(2014)","18","Comedy","Drama","Thriller","8.1","77","122min","202643","$3.11M"
"TheKilling Fields","(1984)","A","Biography","Drama","History","7.8","76","141min","56711","$34.70M"
"Madeo","(2009)","R","Crime","Drama","Mystery","7.8","79","129min","66584","$0.55M"
"FantasticMr. Fox","(2009)","U","Animation","Adventure","Comedy","7.9","83","87min","239730","$21.00M"
"Rush","(2013)","R","Action","Biography","Drama","8.1","74","123min","486611","$26.95M"
"StarWars: Episode VI - Return of the Jedi","(1983)","U","Action","Adventure","Fantasy","8.3","58","131min","1066082","$309.13M"
"TheElephant Man","(1980)","UA","Biography","Drama","NA","8.2","78","124min","245266","#155"
"BigHero 6","(2014)","U","Animation","Action","Adventure","7.8","74","102min","470318","$222.53M"
"Ocean'sEleven","(2001)","UA","Crime","Thriller","NA","7.7","74","116min","585135","$183.42M"
"HerSey Çok Güzel Olacak","(1998)","NA","Comedy","Drama","Thriller","8.1","NA","107min","26097","NA"
"TheBridges of Madison County","(1995)","A","Drama","Romance","NA","7.6","69","135min","83981","$71.52M"
"TheSting","(1973)","U","Comedy","Crime","Drama","8.3","83","129min","266993","$159.60M"
"Lapassion de Jeanne d'Arc","(1928)","NA","Biography","Drama","History","8.2","98","110min","56532","$0.02M"
"Lion","(2016)","U","Biography","Drama","NA","8","69","118min","240668","$51.74M"
"BronenosetsPotemkin","(1925)","NA","Drama","History","Thriller","7.9","97","75min","59021","$0.05M"
"Howto Train Your Dragon","(2010)","U","Animation","Action","Adventure","8.1","75","98min","751962","$217.58M"
"Huntfor the Wilderpeople","(2016)","UA","Adventure","Comedy","Drama","7.8","81","101min","133683","$5.20M"
"AStar Is Born","(2018)","A","Drama","Music","Romance","7.6","88","136min","392944","$215.29M"
"GoodBye Lenin!","(2003)","R","Comedy","Drama","Romance","7.7","68","121min","148364","$4.06M"
"Intothe Wild","(2007)","U","Adventure","Biography","Drama","8.1","73","148min","630345","$18.35M"
"WillyWonka & the Chocolate Factory","(1971)","U","Family","Fantasy","Musical","7.8","67","100min","206903","$4.00M"
"MississippiBurning","(1988)","A","Crime","Drama","Mystery","7.8","65","128min","103321","$34.60M"
"KalHo Naa Ho","(2003)","U","Comedy","Drama","Musical","7.9","54","186min","71283","$1.79M"
"MildredPierce","(1945)","NA","Crime","Drama","Film-Noir","7.9","88","111min","26822","NA"
"Lesparapluies de Cherbourg","(1964)","NA","Drama","Musical","Romance","7.8","86","91min","28733","$0.03M"
"Lesquatre cents coups","(1959)","U","Crime","Drama","NA","8.1","NA","99min","120702","#240"
"TheFabelmans","(2022)","UA","Drama","NA","NA","7.6","84","151min","73935","NA"
"ImWesten nichts Neues","(2022)","A","Action","Drama","War","7.8","76","148min","169726","NA"
"Kramervs. Kramer","(1979)","U","Drama","NA","NA","7.8","77","105min","148006","$106.26M"
"Ina Lonely Place","(1950)","NA","Drama","Film-Noir","Mystery","7.9","NA","94min","32670","NA"
"TheTrial of the Chicago 7","(2020)","18","Drama","History","Thriller","7.7","76","129min","181645","NA"
"TheDay of the Jackal","(1973)","A","Crime","Drama","Thriller","7.8","80","143min","42082","$16.06M"
"Lahaine","(1995)","NotRated","Crime","Drama","NA","8.1","NA","98min","178374","$0.31M"
"Goldfinger","(1964)","A","Action","Adventure","Thriller","7.7","87","110min","194008","$51.08M"
"Kantara","(2022)","UA","Action","Adventure","Drama","8.3","NA","148min","92320","NA"
"(500)Days of Summer","(2009)","UA","Comedy","Drama","Romance","7.7","76","95min","525276","$32.39M"
"DonnieBrasco","(1997)","A","Biography","Crime","Drama","7.7","76","127min","314111","$41.91M"
"DasExperiment","(2001)","R","Drama","Thriller","NA","7.7","60","120min","94687","$0.14M"
"TheOdd Couple","(1968)","NA","Comedy","NA","NA","7.6","86","105min","35879","$44.53M"
"Lescaphandre et le papillon","(2007)","PG-13","Biography","Drama","NA","8","92","112min","108553","$5.99M"
"Tropade Elite","(2007)","R","Action","Crime","Drama","8","33","115min","105956","$0.01M"
"TheLion King","(1994)","U","Animation","Adventure","Drama","8.5","88","88min","1072532","$422.78M"
"BeingJohn Malkovich","(1999)","R","Comedy","Drama","Fantasy","7.8","90","113min","341022","$22.86M"
"Chungwong cha sit","(1997)","NA","Drama","Romance","NA","7.7","70","96min","30992","$0.19M"
"Lestriplettes de Belleville","(2003)","PG-13","Animation","Adventure","Comedy","7.7","91","80min","55392","$7.00M"
"Howto Train Your Dragon 2","(2014)","U","Animation","Action","Adventure","7.8","77","102min","343111","$177.00M"
"YouCan't Take It with You","(1938)","NA","Comedy","Drama","Romance","7.8","NA","126min","26520","$4.66M"
"Gandhi","(1982)","U","Biography","Drama","History","8","79","191min","234889","$52.77M"
"TheMartian","(2015)","UA","Adventure","Drama","Sci-Fi","8","80","144min","869011","$228.43M"
"Såsomi en spegel","(1961)","NA","Drama","NA","NA","8","84","90min","26053","NA"
"TheMitchells vs the Machines","(2021)","13","Animation","Adventure","Comedy","7.6","81","114min","113085","NA"
"BatmanBegins","(2005)","UA","Action","Crime","Drama","8.2","70","140min","1488062","$206.85M"
"Seppuku","(1962)","NA","Action","Drama","Mystery","8.6","85","133min","59464","#45"
"TheExorcist","(1973)","A","Horror","NA","NA","8.1","81","122min","415751","$232.91M"
"Shinseiki Evangelion Gekijô-ban: Air/Magokoro wo, kimi ni","(1997)","NotRated","Animation","Action","Drama","8.1","NA","87min","57349","NA"
"Vizontele","(2001)","NA","Comedy","Drama","NA","8","NA","110min","37405","NA"
"SlumdogMillionaire","(2008)","UA","Crime","Drama","Romance","8","84","120min","853460","$141.32M"
"Anatomyof a Murder","(1959)","A","Drama","Mystery","NA","8","95","161min","67790","$11.90M"
"DasBoot","(1981)","R","Drama","War","NA","8.4","86","149min","253707","$11.49M"
"Whiplash","(2014)","A","Drama","Music","NA","8.5","89","106min","885801","$13.09M"
"Vfor Vendetta","(2005)","UA","Action","Drama","Sci-Fi","8.2","62","132min","1132571","$70.51M"
"InsideMan","(2006)","18","Crime","Drama","Mystery","7.6","76","129min","379531","$88.51M"
"GoneGirl","(2014)","A","Drama","Mystery","Thriller","8.1","79","149min","997934","$167.77M"
"Deadpool","(2016)","R","Action","Comedy","NA","8","65","108min","1053888","$363.07M"
"Aguirre,der Zorn Gottes","(1972)","NA","Action","Adventure","Biography","7.8","NA","95min","58519","NA"
"Dangal","(2016)","U","Action","Biography","Drama","8.3","NA","161min","194908","$12.39M"
"BohemianRhapsody","(2018)","UA","Biography","Drama","Music","7.9","49","134min","548907","$216.43M"
"Laplanète sauvage","(1973)","U","Animation","Sci-Fi","NA","7.7","73","72min","33139","$0.19M"
"Yeopgijeogingeunyeo","(2001)","NA","Comedy","Drama","Romance","8","NA","137min","48995","NA"
"Brideof Frankenstein","(1935)","NA","Drama","Horror","Sci-Fi","7.8","95","75min","50103","$4.36M"
"GroundhogDay","(1993)","U","Comedy","Drama","Fantasy","8.1","72","101min","643910","$70.91M"
"TheIron Giant","(1999)","U","Animation","Action","Adventure","8.1","85","86min","204988","$23.16M"
"GlengarryGlen Ross","(1992)","R","Crime","Drama","Mystery","7.7","82","100min","108880","$10.73M"
"Detachment","(2011)","NA","Drama","NA","NA","7.7","52","98min","88832","$0.07M"
"TheDark Knight Rises","(2012)","UA","Action","Drama","Thriller","8.4","78","164min","1724343","$448.14M"
"TheCaine Mutiny","(1954)","U","Drama","War","NA","7.7","63","124min","28435","$21.75M"
"Nefes:Vatan Sagolsun","(2009)","NA","Action","Drama","Thriller","8","NA","128min","34237","NA"
"SinCity","(2005)","A","Crime","Thriller","NA","8","74","124min","775520","$74.10M"
"AWednesday","(2008)","UA","Action","Crime","Drama","8.1","NA","104min","79823","NA"
"Backto the Future Part II","(1989)","U","Adventure","Comedy","Sci-Fi","7.8","57","108min","542223","$118.50M"
"Shershaah","(2021)","UA","Action","Biography","Drama","8.4","NA","135min","123701","NA"
"Nighton Earth","(1991)","R","Comedy","Drama","NA","7.7","68","129min","62150","$2.02M"
"Daysof Heaven","(1978)","NA","Drama","Romance","NA","7.8","93","94min","59508","NA"
"Aufder anderen Seite","(2007)","NA","Drama","NA","NA","7.7","85","122min","32605","$0.74M"
"Amadeus","(1984)","R","Biography","Drama","Music","8.4","88","160min","406095","$51.97M"
"RomanHoliday","(1953)","U","Comedy","Romance","NA","8","78","118min","141220","NA"
"RoboCop","(1987)","UA","Action","Crime","Sci-Fi","7.6","70","102min","264730","$53.42M"
"AmericanBeauty","(1999)","UA","Drama","NA","NA","8.4","84","122min","1165019","$130.10M"
"Wonder","(2017)","U","Drama","Family","NA","7.9","66","113min","168346","$132.42M"
"Amarcord","(1973)","NA","Comedy","Drama","NA","7.9","NA","123min","44650","$0.58M"
"HarryPotter and the Prisoner of Azkaban","(2004)","U","Adventure","Family","Fantasy","7.9","82","142min","648088","$249.36M"
"BriefEncounter","(1945)","U","Drama","Romance","NA","8","92","86min","41358","NA"
"EasternPromises","(2007)","R","Crime","Drama","Thriller","7.6","83","100min","248177","$17.11M"
"Majono takkyûbin","(1989)","U","Animation","Family","Fantasy","7.8","83","103min","149169","NA"
"Bonnieand Clyde","(1967)","A","Action","Biography","Crime","7.7","86","111min","115439","NA"
"Chugyeokja","(2008)","NA","Action","Crime","Drama","7.8","64","125min","68350","NA"
"TheWhale","(2022)","A","Drama","NA","NA","7.8","60","117min","88073","NA"
"StarWars: Episode VII - The Force Awakens","(2015)","U","Action","Adventure","Sci-Fi","7.8","80","138min","940166","$936.66M"
"Okuribito","(2008)","PG-13","Drama","NA","NA","8","68","130min","52994","$1.50M"
"AboutTime","(2013)","16","Comedy","Drama","Fantasy","7.8","55","123min","360084","$15.32M"
"ToBe or Not to Be","(1942)","NA","Comedy","Romance","War","8.2","86","99min","38963","#227"
"SitaRamam","(2022)","U","Action","Drama","Mystery","8.6","NA","163min","57358","NA"
